Status,Issue key,Issue id,Custom field (Company),Created,Issue Type,Summary,Custom field (CreatedFrom),Assignee
In Progress,RMBSS-19388,4673023,,28/08/2026 12:27,Bug,Применение параметра environmentHighlight из ZOO без рестарта сервиса,,Denis.Saltykov
Open,RMBSS-19387,4672940,,28/08/2026 11:45,Bug,defaultDisplayMode поменян с true на false,,Darya.Afanasyeva
Open,RMBSS-19386,4672832,,28/08/2026 11:03,Bug,В отчете детализации некорректная Дата окончания использования,,NBSS_GUS
Open,RMBSS-19385,4672815,,28/08/2026 10:55,Bug,Ошибка при открытии формы создания заявки РПД,,NBSS_TAILORED
Open,RMBSS-19383,4672355,,27/08/2026 21:17,Bug,PSC. Ошибка публикации проекта в пром,,NBSS_PSC
In Review,RMBSS-19381,4672210,,27/08/2026 17:49,Bug,Не отображаются атрибуты при создании заявки,,Yevgeny.Zhestokanov
Open,RMBSS-19380,4672205,,27/08/2026 17:43,Bug,На форме распределения продуктов заказа по ЛС ошибки верстки ,,NBSS_NUS
Open,RMBSS-19379,4672194,,27/08/2026 17:37,Bug,При отключении оборудования не формируюется акт приема-передачи,,Darya.Afanasyeva
Open,RMBSS-19378,4672178,,27/08/2026 17:22,Bug,"Не отображается кнопка ""Добавить"" у договора у потенциального клиента при незаполненных обязательных полях",,NBSS_NUS
Open,RMBSS-19377,4672164,,27/08/2026 17:10,Bug,Ошибка сценария создания ЛС,,NBSS_NWM
Open,RMBSS-19376,4672091,,27/08/2026 16:35,Bug,Неверный набор обязательных полей для регистрации потенциального клиента,,NBSS_NUS
Open,RMBSS-19374,4671986,,27/08/2026 16:11,Bug,Создание и редактирование шаблона плана работ с долгом не закрыто ролями,,NBSS_NUS
Open,RMBSS-19373,4671836,,27/08/2026 15:09,Bug,Заявка на подключение административной блокировки завершается с ошибкой,,NBSS_TAILORED
Open,RMBSS-19371,4671723,,27/08/2026 14:09,Bug,Ошибка блокировки продуктов при смене ресурсов,,NBSS_TAILORED
Open,RMBSS-19370,4671534,,27/08/2026 12:57,Bug,КНТ на БД 1М RE_DATABUILD Ошибка получения файла модуля с идентификатором,,NBSS_REPORT_ENGINE
Open,RMBSS-19369,4671470,,27/08/2026 12:25,Bug,При добавлении Корпоративный доступ к VPN(L3) требуются характеристики,,NBSS_NUS
Open,RMBSS-19368,4671372,,27/08/2026 11:49,Bug,Не работает автозаполнение для потенциального клиента,,NBSS_NUS
In Progress,RMBSS-19365,4670630,,26/08/2026 18:44,Bug,Ошибка вызова асинхронной пачечной функции создания ресурсов клиента,,Denis.Saltykov
Open,RMBSS-19364,4670461,,26/08/2026 17:14,Bug,В отчете детализации не указано дата/время начала использования,,NBSS_GUS
Open,RMBSS-19363,4670448,,26/08/2026 17:07,Bug,Проблемы с установкой CFG на стенд с NWM_OCS 4.23.1,,NBSS_NWM
Open,RMBSS-19362,4670328,,26/08/2026 16:07,Bug,КНТ на БД 1М forbidden by rule СO_Условия передачи CLAR_NEEDS_VERIFYING -> CLAR_NEEDS.,,NBSS_TAILORED
Open,RMBSS-19360,4670015,,26/08/2026 14:11,Bug,"В списке на добавление абонентам скидок отображаются все абоненты клиента, включая уже имеющих скидку",,NBSS_TAILORED
Open,RMBSS-19359,4669980,,26/08/2026 13:56,Bug,Продукт не активируется после изменения даты активации на текущую,,NBSS_TAILORED
Open,RMBSS-19357,4669700,,26/08/2026 12:23,Bug,Ошибка смены ПП,,NBSS_TAILORED
Open,RMBSS-19356,4668859,,25/08/2026 23:23,Bug,Отсутствуют конфликты при обработке заявки,,NBSS_NUS
Open,RMBSS-19355,4668848,,25/08/2026 22:56,Bug,"На шаге ""ожидание даты выполнения заказа"" дублируется дата выполнения заказа",,NBSS_NUS
Open,RMBSS-19354,4668845,,25/08/2026 22:45,Bug,"При создании продажи будущей датой, заполнена ""дата выполнения заказа"" текущей датой",,NBSS_NUS
Open,RMBSS-19352,4668671,,25/08/2026 18:17,Bug,"Отсутствует параметр ""Запланировать выполнение заказа на дату"" на форме выбора опций",,NBSS_NUS
Open,RMBSS-19351,4668519,,25/08/2026 17:20,Bug,Технический заказ не был создан,,NBSS_TAILORED
Analyzing,RMBSS-19350,4668510,,25/08/2026 17:14,Bug,Ошибка при отключении продукта,,NNesterov
Open,RMBSS-19348,4668287,,25/08/2026 15:48,Bug,Ошибка выполнения операции при продаже абонентского терминала,,NBSS_TAILORED
Information needed,RMBSS-19347,4668249,,25/08/2026 15:38,Bug,Ошибка 404 при создании ЛС в запросе location,,NBSS_TAILORED
In Progress,RMBSS-19346,4668117,,25/08/2026 14:55,Bug,Неверное отображение количества распределённых на ЛС продуктов при добавлении более 10 продуктов,,Vladislav.Mayakin
Open,RMBSS-19345,4668011,,25/08/2026 14:21,Bug,"Не корректно работает расширенный поиск по IP, APN, Серийный номер",,NBSS_NUS
In Review,RMBSS-19341,4667297,,25/08/2026 10:15,Bug,Не восстанавливается соединение с ZK,,Yegor.Guskov
Open,RMBSS-19340,4666728,,24/08/2026 18:59,Bug,При продаже опции +20Гб на будущее требуются характеристики,,NBSS_NUS
In Review,RMBSS-19339,4666506,,24/08/2026 16:43,Bug,При установке справочников refdata нарушается порядок установки справочников,,Kseniya.Kuzmina
In Progress,RMBSS-19338,4666475,,24/08/2026 16:31,Bug,"Не работает кнопка Сохранить при редактировании доп. атрибута в заявке с типом ""Поддержка в CPM доп.атрибута типа URL. НЕ УДАЛЯТЬ""",,Dmitry.Efimov
Open,RMBSS-19337,4666240,,24/08/2026 15:13,Bug,Скачивается не тот документ при наличии нескольких биллингов ,,NBSS_TAILORED
Analyzing,RMBSS-19336,4666210,,24/08/2026 15:05,Bug,Некорректное отображение индивидуализированной цены (с налогом и без) при наличии примененных продуктовых скидок,,Dmitry.Efimov
Information needed,RMBSS-19333,4665477,,24/08/2026 10:28,Bug,"Платёж в статусе ""В обработке"" в автономном режиме приёма платежей",,Alexander.Anikin
Open,RMBSS-19332,4664955,,23/08/2026 17:16,Bug,Ошибка при редактировании цены продукта,,Dmitry.Efimov
Open,RMBSS-19331,4664586,,22/08/2026 16:41,Bug,"У заявки с текущей датой, доступно изменение даты заказа",,Natalia.Guk
Open,RMBSS-19324,4663194,,21/08/2026 11:22,Bug,"В шаблоне для полей дата, установлен формат общий вместо дата",,NBSS_TAILORED
In Progress,RMBSS-19323,4663190,,21/08/2026 11:21,Bug,Даты на продукте,,NNesterov
Open,RMBSS-19321,4663164,,21/08/2026 11:09,Bug,"Сортировка полей дата, работает по полю дата создания (для любого поля дата)",,NBSS_OSA
Open,RMBSS-19318,4663071,,21/08/2026 10:27,Bug,Массовая операция корректировки падает с ошибкой при валидных данных.,,NBSS_TAILORED
Open,RMBSS-19317,4662748,,21/08/2026 09:42,Bug,"В заявке ""TEST_Тестирование атрибутов. НЕ УДАЛЯТЬ"" при редактировании атрибутов можно выбрать ЛС относщийся к другому договору",,NBSS_TAILORED
Open,RMBSS-19315,4662079,,20/08/2026 17:52,Bug,Не прогружаются все причины корректировок при фильтрации,,NBSS_NUS
In Progress,RMBSS-19311,4661678,,20/08/2026 14:53,Bug,"Кнопка ""Перейти к деталям потребления"" ведет на обзор профиля клиента",,NBSS_TAILORED
In Review,RMBSS-19310,4661651,,20/08/2026 14:40,Bug,Не списалась оплата за Установку и настройку,,NBSS_KT
Open,RMBSS-19300,4023189,,16/04/2025 12:29,Bug,"Ограничение в 10 налоговых ставок на формах ""Создание/Редактирование"" налога",,NBSS_NUS
In Review,RMBSS-19299,4659974,,19/08/2026 15:11,Bug,Смена основного ПП с запланированной датой в будущем выполняется сразу,,Matvey.Samsonov
Open,RMBSS-19298,4659917,,19/08/2026 14:45,Bug,Продукт не активируется после изменения даты активации на сегодняшнюю,,Yegor.Guskov
Open,RMBSS-19297,4659849,,19/08/2026 14:14,Bug,При создании дублирующего ip-адреса в LIS операция не переходит в статус Ошибка,,NBSS_LIS
Open,RMBSS-19296,4659844,,19/08/2026 14:08,Bug,Не отображаются детали в биллинге,,NBSS_TAILORED
Open,RMBSS-19295,3981897,,18/03/2025 12:10,Bug,Длинное наименование схемы наезжает на маркер,,NBSS_NUS
In Progress,RMBSS-19293,4659577,,19/08/2026 12:08,Bug,Ошибки работы формы табличного вывода заявок ,,Aleksandr.Lebedev
Open,RMBSS-19291,4659300,,19/08/2026 10:17,Bug,При создании корректировки в некоторых случаях отправляется дефолтовый adjustmentTypeId и корректировка не создается,,NBSS_NUS
Open,RMBSS-19289,4658287,,18/08/2026 16:14,Bug,Бесконечная загрузка управления составом заказа,,NBSS_TAILORED
In Review,RMBSS-19288,4657939,,18/08/2026 13:27,Bug,Адреса связанного лица - система позволяет создавать только один (адрес регистрации) - в том числе для обезличенных лиц,,Yury.Shalonin
In Review,RMBSS-19287,4657827,,18/08/2026 12:16,Bug,Проблема с рассинхронизацией услуг,,Denis.Tishin
In Review,RMBSS-19285,4657703,,18/08/2026 11:11,Bug,Различные ошибки в логах nginx на машине ssoapp-tcr-f01,,NBSS_KT
In Review,RMBSS-19284,4657691,,18/08/2026 11:08,Bug,некорректное отображение начислений при отключении продуктов,,NBSS_KT
Open,RMBSS-19279,4656586,,17/08/2026 14:40,Bug,При изменении даты в схеме налогообложении не отображается ставка на другую дату,,NBSS_NUS
Analyzing,RMBSS-19271,4656002,,17/08/2026 10:47,Bug,Округление процента скидки приводит изменению индивидуализированной цены пользователем,,Aleksandr.Lebedev
In Progress,RMBSS-19270,4654700,,14/08/2026 18:32,Bug,"После нажатия на кнопку ""Очистить выбранные"" отмеченный номер не сбрасывается",,NBSS_NUS
Open,RMBSS-19268,4654555,,14/08/2026 16:56,Bug,Не вычитываются очереди,,Ivan.Shirokoryad
Open,RMBSS-19267,4654550,,14/08/2026 16:50,Bug,Удаление неиспользуемых очередей,,Ivan.Shirokoryad
Information needed,RMBSS-19260,4653825,,14/08/2026 11:01,Bug,Отсутствуют ресурсы (оборудование) для клиентов B2C,,Arseniya.Konovalova
Open,RMBSS-19257,4653565,,14/08/2026 09:11,Bug,Part_2 - Did not observe any item or terminal signal within 30000ms in 'flatMap' (and no fallback has been configured),,Roman.Chaptykov
In Review,RMBSS-19256,4653143,,13/08/2026 17:42,Bug,CSM. Ошибка вычисления признака заказа verifiedOnCurrentStage,,Vladimir.Kobyakov
In Review,RMBSS-19252,4652968,,13/08/2026 16:27,Bug,Некорректное время и учёт начислений на балансе,,Yury.Shalonin
Open,RMBSS-19249,4652637,,13/08/2026 14:41,Bug,"Not authorized; No valid access rights are assigned to equipmentSearch",,Denis.Saltykov
Open,RMBSS-19247,4652261,,13/08/2026 11:02,Bug,"В запросе отсутствует ""onlyActualForLink""",,NBSS_TAILORED
Open,RMBSS-19246,4652185,,13/08/2026 10:36,Bug,"Нет валидации символов, которые невозможно распарсить",,NBSS_TAILORED
Analyzing,RMBSS-19243,4651703,,12/08/2026 18:47,Bug,Технический заказ на изменение даты активации опции завершен с ошибкой,,Arseniya.Konovalova
Open,RMBSS-19240,4651653,,12/08/2026 18:09,Bug,PARSING_ERROR ct0730,,Yelena.Lets
Analyzing,RMBSS-19239,4651531,,12/08/2026 17:19,Bug,Исправление временного решения,,Ivan.Shirokoryad
Open,RMBSS-19237,4651410,,12/08/2026 16:37,Bug,В очереди накапливаются AMQP сообщения ,,NBSS_RM_ARCH
Open,RMBSS-19236,4651391,,12/08/2026 16:26,Bug,АП за терминал выше заявленной на 10000 рублей,,Yegor.Guskov
Open,RMBSS-19235,4651365,,12/08/2026 16:14,Bug,При создании продажи текущей даты проставляется actionDateTime,,Darya.Afanasyeva
In Review,RMBSS-19233,4651204,,12/08/2026 14:37,Bug,Отсутствует поле adjustmentReasonExtId в шаблоне списка объектов для Массовой операции корректировки,,Pavel.Stolyarov
Open,RMBSS-19230,4650593,,12/08/2026 11:04,Bug,"Поле ""Код подразделения"" для документа типа ""Паспорт гражданина РФ"" не ограничено стандартной маской.",,Dmitry.Efimov
Open,RMBSS-19228,4650398,,12/08/2026 09:31,Bug,Не добавляются номера,,NBSS_LIS
Open,RMBSS-19227,4650263,,12/08/2026 07:05,Bug,"Ошибка ""Не найден профиль лицевого счета"".",,NBSS_NWM
Open,RMBSS-19225,4650030,,11/08/2026 19:44,Bug,Неочевидны критерии фильтрации при поиске продуктов,,NBSS_NUS
Open,RMBSS-19224,4650013,,11/08/2026 19:16,Bug,Сегмент при выборе продукта,,NBSS_NUS
Open,RMBSS-19220,4649767,,11/08/2026 17:09,Bug,"Разное расстояние между названиями ПП и кнопкой ""характеристики некорректны"" в продаже",,NBSS_NUS
Open,RMBSS-19219,4649698,,11/08/2026 16:37,Bug,Расчетный счет клиента и расчетный счет оператора совпадают,,NBSS_NUS
Open,RMBSS-19217,4649639,,11/08/2026 16:04,Bug,"Регистрационные данные: ""Дата регистрации"" не ограничена",,NBSS_NUS
In Review,RMBSS-19215,4649552,,11/08/2026 15:21,Bug,Некорректно отображается текст ошибки (дата активации),,Aleksey.Severinov
Analyzing,RMBSS-19206,4648425,,10/08/2026 18:38,Bug,В запросе history/search для СЛ передаётся offset = offset из history/search для Клиента (и наоборот),,NBSS_NUS
In Progress,RMBSS-19205,4648421,,10/08/2026 18:36,Bug,Запрос POST customerManagement/linkedPersons/{linkedPersonId}/history/search возвращает ошибку при вводе первого символа.,,Yelena.Lets
Open,RMBSS-19204,4648419,,10/08/2026 18:32,Bug,Виджет Быстрые действия. Неизвестный элемент,,NBSS_TAILORED
Open,RMBSS-19202,4648220,,10/08/2026 16:56,Bug,Фильтрация действий при создании/редактировании шаблона биллинговой скидки не работает,,NBSS_NUS
Open,RMBSS-19200,4648116,,10/08/2026 16:06,Bug,Не создается роль NUS,,Dmitry.Efimov
Analyzing,RMBSS-19194,4646184,,07/08/2026 21:55,Bug,Отображается некорректный период действия цены АП в пробный период,,Arseniya.Konovalova
Analyzing,RMBSS-19193,4646180,,07/08/2026 21:41,Bug,Отсутствует нотификация об окончании пробного периода и следующем списании,,Yekaterina.Kadnikova
Analyzing,RMBSS-19191,4646172,,07/08/2026 20:55,Bug,"Отсутствует сконфигурированное ПП / После изменения длительности пробного периода, значение осталось тем же + отсутствует доначисление",,Yegor.Guskov
Open,RMBSS-19190,4646165,,07/08/2026 20:18,Bug,Некорректное отображение цен в продуковом профиле (расходится информация о следующем платеже),,NBSS_TAILORED
Open,RMBSS-19189,4646161,,07/08/2026 20:03,Bug,Отсутствует возможность сброса цены при редактировании продукта,,NBSS_NUS
Analyzing,RMBSS-19188,4646154,,07/08/2026 19:41,Bug,Не отображается разовая плата в продуктовом профиле,,NBSS_KT
Open,RMBSS-19185,4646104,,07/08/2026 18:18,Bug,Отсутствует локализация при заполнении детали в действии шаблона биллинговой скидки,,NBSS_TAILORED
Analyzing,RMBSS-19184,4646085,,07/08/2026 18:03,Bug,Не списывается АП в пробный период на ПП На связи с пробным периодом,,NBSS_NWM
Open,RMBSS-19183,4646018,,07/08/2026 17:24,Bug,Не отображается информация о пробном периоде в заявке на ПиУУ,,NBSS_TAILORED
Open,RMBSS-19182,4646012,,07/08/2026 17:20,Bug,При редактировании адреса выдается ошибка про незаполнение координат,,NBSS_PRAIM
Open,RMBSS-19181,4646002,,07/08/2026 17:14,Bug,Не отображается размер АП в пробный период на ПП На связи с пробным периодом,,NBSS_TAILORED
Open,RMBSS-19180,4645985,,07/08/2026 17:04,Bug,Не отображается размер периода пробного периода на ЭФ Выбор продуктов,,NBSS_TAILORED
Open,RMBSS-19178,4645959,,07/08/2026 16:42,Bug,OAPILogicalResource:PhoneNumber:Add не хватает роли у Админа,,NBSS_LIS
Open,RMBSS-19174,4645713,,07/08/2026 15:03,Bug,"Сбросы фильтров на вкладке ""Скидки/доначисления"" отличаются",,NBSS_NUS
In Review,RMBSS-19170,4645458,,07/08/2026 13:18,Bug,Не считывается роль пользователя в PRAIM,,NBSS_PRAIM
Open,RMBSS-19169,4645450,,07/08/2026 13:11,Bug,Неверная причина корректировки при возврате денежных средств,,Yekaterina.Kadnikova
In Review,RMBSS-19167,4645111,,07/08/2026 11:35,Bug,Не устанавливаются обновления на клон,,Anton.Trofimov
In Progress,RMBSS-19158,4643964,,06/08/2026 15:05,Bug,Необходимо заменить метод получения причины корректировки при переносе денежных средств,,NBSS_UDB
Open,RMBSS-19157,4643855,,06/08/2026 14:30,Bug,Отсутствует модальное окно при остановке массовых операций,,NBSS_NUS
Information needed,RMBSS-19154,4643796,,06/08/2026 13:57,Bug,Неккоректные значения в справочнике стран ,,A.Vasilyev
Open,RMBSS-19152,4643677,,06/08/2026 12:58,Bug,Ошибка создания заявки ПиУУ,,Yevgeny.Zhestokanov
Analyzing,RMBSS-19151,4643445,,06/08/2026 11:18,Bug,Обработка runAsUser запросов на стороне PRAIM,,Denis.Kapralov
Analyzing,RMBSS-19150,4643436,,06/08/2026 11:15,Bug,Ошибка 400 OSA при создании массовой корректировки,,Pavel.Stolyarov
Open,RMBSS-19146,4642624,,05/08/2026 16:47,Bug,Атрибут недоступен для заполнения при редактировании клиента,,Denis.Kapralov
In Progress,RMBSS-19145,4642621,,05/08/2026 16:45,Bug,DMS. Ошибка при назначении сегмента на ШПР,,NBSS_NUS
Open,RMBSS-19144,4642434,,05/08/2026 15:26,Bug,Автоматически не обновился стационарный номер телефона,,NBSS_NUS
Open,RMBSS-19142,4642112,,05/08/2026 13:05,Bug,RE. Некорректная обработка ошибки синхронного ответа при отсутствующем userMessage,,Denis.Saltykov
Open,RMBSS-19139,4641734,,05/08/2026 10:38,Bug,Список коммутаторов на форме бронирования не соответствует региону,,NBSS_NUS
Open,RMBSS-19138,4641678,,05/08/2026 10:25,Bug,Ошибка метода updateParticipationInQueues,,NBSS_CPM
Open,RMBSS-19132,4641053,,04/08/2026 17:48,Bug,Дата окончания налоговой ставки (и версии налоговой схемы) должна показывать предыдущий полностью включенный день,,Aleksandr.Lebedev
In Progress,RMBSS-19123,4639561,,03/08/2026 23:53,Bug,"Отсутствует предупреждение о том, что изменение даты активации основного продукта приведёт к обновлению дат активации опций",,NBSS_NUS
Open,RMBSS-19116,4638875,,03/08/2026 14:23,Bug,Не отображаются характеристики продукта,,NBSS_NUS
Open,RMBSS-19112,4638676,,03/08/2026 13:22,Bug,"На форме бронирования оборудования доступен чекбокс выбора, для оборудования в статусе Продан",,NBSS_NUS
Open,RMBSS-19111,4638664,,03/08/2026 13:18,Bug,При открытии сайдбара на форме работы с документом некорректно работают кнопки адаптитвного тулбара,,NBSS_NUS
Open,RMBSS-19105,4637763,,02/08/2026 16:01,Bug,Поправить наименование поля на форме фильтрации ПП,,NBSS_NUS
Open,RMBSS-19104,4637760,,02/08/2026 15:53,Bug,Поле КПП. Описание ошибки в интерфейсе,,NBSS_NUS
Information needed,RMBSS-19102,4637038,,31/07/2026 19:00,Bug,Значение процента скидки передается в цену продукта,,NBSS_KT
Open,RMBSS-19101,4636836,,31/07/2026 16:09,Bug,"Отсутствует поле ""Действие с возвращаемым оборудованием"" при отключении оборудования",,NBSS_TAILORED
Planning,RMBSS-19098,4636665,,31/07/2026 14:37,Bug,После эмуляции потребления трафика дублируются выданные объемы,,NBSS_GUS
Open,RMBSS-19097,4636389,,31/07/2026 12:54,Bug,Buro 2119 изучение по итогам воспроизведения,,Yury.Shalonin
In Progress,RMBSS-19096,4636387,,31/07/2026 12:53,Bug,"Создание рассрочки. Не активна кнопка ""Далее"".",,NBSS_NUS
Open,RMBSS-19087,4635602,,30/07/2026 20:21,Bug,Тема письма при рассылке биллинговых документов,,Georgiy.Kostin
Open,RMBSS-19085,4635591,,30/07/2026 19:57,Bug,Повторное формирование документов биллинга,,EBourlakov
Open,RMBSS-19082,4635524,,30/07/2026 18:20,Bug,Заявка висит более 140 часов,,NBSS_CPM
Open,RMBSS-19081,4635462,,30/07/2026 17:42,Bug,"На форме ""Бронирование номера"" при наличии нескольких коммутаторов поле Коммутатор предзаполнено",,NBSS_NUS
In Progress,RMBSS-19080,4635435,,30/07/2026 17:24,Bug,"Параметр ""Имя выходного файла"" при формировании документа со счетами-фактурами",,NBSS_TAILORED
In Review,RMBSS-19077,4635138,,30/07/2026 14:33,Bug,CPM - решение проблем с блокировками,,Yury.Shalonin
Open,RMBSS-19072,4634569,,30/07/2026 10:35,Bug,В базовой конфигурации отсутствует основное ПП с APN,,Arseniya.Konovalova
In Review,RMBSS-19061,4633173,,29/07/2026 11:57,Bug,Ошибка отката учтенного биллингом начисления в GUS,,Aleksey.Vorobyev
In Review,RMBSS-19059,4632246,,28/07/2026 18:34,Bug,Заявка на отключение административной блокировки падает с ошибкой,,Olesya.Adrat
Open,RMBSS-19055,4632075,,28/07/2026 17:01,Bug,ПП в выборе продуктов каждый раз появляются в случайном порядке,,NBSS_NUS
Open,RMBSS-19054,4632033,,28/07/2026 16:46,Bug,"Радио кнопка Юридический тип в выборе ПП, в продаже присуствует только для продажи оборудования",,NBSS_NUS
Open,RMBSS-19053,4631934,,28/07/2026 15:59,Bug,Продажа с настройкой предпочтений РПД не завершается  ,,Vadim.Chernobrovkin
In Progress,RMBSS-19052,4631693,,28/07/2026 14:25,Bug,Кнопка смены даты активации доступна при активной заявке,,NBSS_NUS
In Progress,RMBSS-19050,4631492,,28/07/2026 13:00,Bug,Заявка на подключение административной блокировки на АУС завершается с ошибкой,,NBSS_NWM
In Review,RMBSS-19045,4630976,,28/07/2026 10:07,Bug,Ошибка согласования документов при продаже на созданный договор и ЛС,,Yevgeny.Zhestokanov
In Progress,RMBSS-19039,4630435,,27/07/2026 19:06,Bug,"В окне выбора продуктов, поле регион ведет себя не корректно",,Aleksandr.Lebedev
In Progress,RMBSS-19036,4630305,,27/07/2026 17:41,Bug,"Некорректная валидация в поле ""Начало действия"" при назначении административной блокировки",,Pavel.Neyfeld
In Progress,RMBSS-19032,4630198,,27/07/2026 16:56,Bug,Заявка на подключение административной блокировки для опции падает с ошибкой,,Denis.Tishin
Open,RMBSS-19027,4630145,,27/07/2026 16:17,Bug,Не масштабируется таблица,,NBSS_NUS
Analyzing,RMBSS-19026,4630073,,27/07/2026 15:44,Bug,Отсутствует дополнительная информация у продукта спутник XL аренда,,Yegor.Guskov
Planning,RMBSS-19019,4629545,,27/07/2026 12:05,Bug,Оператору не предоставляется информация об обязательных атрибутов для перевода потенциального клиента в действующего на форме редактирования клиента,,Veronika.Avdzhyan
Analyzing,RMBSS-19016,4628537,,25/07/2026 16:53,Bug,"При указании даты начала действия, выбранный налог сбрасывается.",,NBSS_NUS
Open,RMBSS-19014,4628239,,24/07/2026 19:12,Bug,Уязвимости FPM 3.6.5,,NBSS_FPM
Open,RMBSS-19012,4628233,,24/07/2026 19:08,Bug,Уязвимости API_GATEWAY 3.12.0,,NBSS_API_GW
Open,RMBSS-19009,4628222,,24/07/2026 19:00,Bug,Уязвимости SAM 1.15.0,,NBSS_SAM
Open,RMBSS-19008,4628218,,24/07/2026 18:59,Bug,Уязвимости UDB 2.15.3,,NBSS_UDB
Open,RMBSS-19007,4628214,,24/07/2026 18:56,Bug,Уязвимости LAM 1.8.0,,NBSS_LAM
Open,RMBSS-19005,4628205,,24/07/2026 18:50,Bug,Уязвимости UNIBLP 2.25.5,,NBSS_UNIBLP
Open,RMBSS-19002,4628193,,24/07/2026 18:44,Bug,Уязвимости NLM 1.3.3,,NBSS_NLM
Open,RMBSS-18998,4628173,,24/07/2026 18:28,Bug,Уязвимости TAILORED_BURO1440_CFG 1.2.9,,NBSS_TAILORED
Open,RMBSS-18997,4628170,,24/07/2026 18:25,Bug,Уязвимости TAILORED_BURO1440_CFG 1.2.10,,NBSS_TAILORED
Open,RMBSS-18996,4628166,,24/07/2026 18:22,Bug,Уязвимости NBSS_CFG 3.21.14,,NBSS_TAILORED
Open,RMBSS-18995,4628164,,24/07/2026 18:19,Bug,Уязвимости APC 1.10.14,,NBSS_APC
Open,RMBSS-18994,4628158,,24/07/2026 18:17,Bug,Уязвимости APC 1.10.16,,NBSS_APC
Open,RMBSS-18993,4628155,,24/07/2026 18:15,Bug,Уязвимости APC 1.10.17,,NBSS_APC
Open,RMBSS-18992,4628152,,24/07/2026 18:12,Bug,Уязвимости APC 1.10.18,,NBSS_APC
Open,RMBSS-18990,4628089,,24/07/2026 17:31,Bug,Уязвимости CSM 1.10.27,,NBSS_CSM
Open,RMBSS-18989,4628086,,24/07/2026 17:29,Bug,Уязвимости CSM 1.10.30,,NBSS_CSM
Open,RMBSS-18988,4628076,,24/07/2026 17:26,Bug,Уязвимости CSM 1.10.32,,NBSS_CSM
In Review,RMBSS-18984,4627982,,24/07/2026 16:45,Bug,Уязвимости GUS 4.21.1.4,,Yury.Shalonin
Open,RMBSS-18983,4627961,,24/07/2026 16:31,Bug,Уязвимости NBSS_PORTAL 1.1.119,,NBSS_NUS
Open,RMBSS-18982,4627944,,24/07/2026 16:27,Bug,Уязвимости NBSS_PORTAL 1.1.120,,NBSS_NUS
Open,RMBSS-18975,4627555,,24/07/2026 12:57,Bug, E2E_22: отсутствует запрет редактирования и удаления адреса использования,,NBSS_TAILORED
Open,RMBSS-18973,4627188,,24/07/2026 10:51,Bug,Отсутствует скроллер в таблице на форме Карточка клиента > Документы,,NBSS_NUS
Open,RMBSS-18963,4625839,,23/07/2026 13:43,Bug,Ошибка дубликата самого себя у потенциального клиента,,Denis.Kapralov
Information needed,RMBSS-18962,4625770,,23/07/2026 13:23,Bug,Не работает синхронизация refdata -> csm,,Andrey.Kochetov
Analyzing,RMBSS-18959,4625741,,23/07/2026 13:05,Bug,Длительные задержки при воспроизведении действий,,Yury.Shalonin
Open,RMBSS-18957,4624783,,23/07/2026 10:03,Bug,LIS. Захардкожены типы номеров при добавлении ABC номеров,,NBSS_LIS
Open,RMBSS-18956,4624758,,23/07/2026 10:01,Bug,LIS. Ограничение на UI на длину названия коммутатора (оборудование),,Maksim.Vasilyev
Analyzing,RMBSS-18952,4623952,,22/07/2026 20:14,Bug,Роли E2E_35 Управление принудительной блокировкой абонента,,NGolubev
Open,RMBSS-18951,4623652,,22/07/2026 17:24,Bug,"Технический заказ на продажу оборудования ""Смартфон"" падает с ошибкой",,Arseniya.Konovalova
Open,RMBSS-18949,4623329,,22/07/2026 14:51,Bug,Ошибка при проверке технического заказа при допродаже опции Статический IP,,NNesterov
Information needed,RMBSS-18941,4623025,,22/07/2026 11:45,Bug,Не корректно работает форма Потребление,,Aleksey.Severinov
Open,RMBSS-18938,4622837,,22/07/2026 10:30,Bug,Неудобное использование элемента на Карточке клиента вкладка Сегменты,,NBSS_NUS
Open,RMBSS-18936,4622263,,21/07/2026 23:00,Bug,Таски сценария OSA завершаются с ошибкой,,Aleksey.Tribunsky
Open,RMBSS-18934,4622048,,21/07/2026 17:02,Bug,Логи CPM не попадают в EMON/ELOG,,NBSS_CPM
Open,RMBSS-18932,4621995,,21/07/2026 16:39,Bug,Неверно реализован выбор существующего адреса,,NBSS_NUS
Information needed,RMBSS-18929,4621841,,21/07/2026 15:36,Bug,"При создании заявки с темой ""Не согласен с расчетами"" у поля Приоритет не отображается звездочка",,Yevgeny.Zhestokanov
Open,RMBSS-18923,4621500,,21/07/2026 12:47,Bug,"При переходе по всплывающему сообщению о формируемом отчете детализации потребления, переход осуществляется на вкладку Свойства, а не Документы",,NBSS_NUS
Analyzing,RMBSS-18916,4621240,,21/07/2026 10:46,Bug,Некорректный запрос customDictionaryValues по атрибуту Действие с заменяемым арендованным оборудованием(ID= 84),,NBSS_NUS
In Progress,RMBSS-18915,4621199,,21/07/2026 10:25,Bug,В отчёте детализации продукты скрытой аренды группировать по биллинговой детали и абоненту,,Andrey.Yefremov
In Review,RMBSS-18902,4619517,,20/07/2026 10:16,Bug,Формирование отчета по детализации периодически падает с ошибкой при разных конфигурациях.,,Yury.Shalonin
In Review,RMBSS-18900,4618464,,17/07/2026 18:31,Bug,API IS возвращает всех подписантов,,Aleksandr.Shtyb
Planning,RMBSS-18898,4618327,,17/07/2026 17:11,Bug,Устранить тех.долг по маршруту продажи для потенциального клиента,,Yury.Shalonin
Analyzing,RMBSS-18886,4617512,,17/07/2026 10:57,Bug,Некорректное поведение формы создания/редактирования параметров шаблона ПФ,,D.Lukinsky
In Review,RMBSS-18881,4616863,,16/07/2026 18:38,Bug,APC 1.14.0 не ставится поверх 1.12.2,,Yury.Shalonin
In Review,RMBSS-18879,4616777,,16/07/2026 17:44,Bug,Поддержка единиц измерений в детализации по начислениям,,Yekaterina.Kadnikova
Open,RMBSS-18873,4616487,,16/07/2026 15:18,Bug,"Коллапс ""Договор и ЛС"" заявки ""(TEST_ATTR) TEST_Тестирование атрибутов"" серого цвета",,NBSS_NUS
In Review,RMBSS-18865,4615172,,15/07/2026 17:38,Bug,Значение чекбокса в CPM UI и отображение коллапса противоположное,,Vladislav.Khrabrykh
Information needed,RMBSS-18864,4614699,,15/07/2026 14:21,Bug,Запрос GET /attribute-service/entityTypes/linkedPerson_impersonal/entities/1373061/values возвращает ошибку.,,NBSS_KT
Analyzing,RMBSS-18863,4614517,,15/07/2026 12:44,Bug,Абонентская плата списывается повторно после активации ПП на предоплатном ЛС,,NBSS_NWM
In Review,RMBSS-18859,4613570,,14/07/2026 18:43,Bug,Нет возможности подписать договор при не заполненном Отчестве,,Marina.Lopatina
Information needed,RMBSS-18857,4613532,,14/07/2026 18:10,Bug,После повторного добавления продукта в КЗ ошибка,,Marina.Lopatina
Open,RMBSS-18854,4613449,,14/07/2026 17:09,Bug,Некорректно сконфигурирована форма создания клиента ФЛ,,NBSS_TAILORED
Planning,RMBSS-18852,4613443,,14/07/2026 17:04,Bug,Недоступно создание договора клиенту ФЛ в статусе Потенциальный при достаточном заполнении полей ,,Mariya.Bakhareva
In Progress,RMBSS-18850,4613367,,14/07/2026 16:39,Bug,После выбора или смены клиента на форме Создания заявки не обновляется контекст клиента,,NBSS_NUS
Analyzing,RMBSS-18847,4613104,,14/07/2026 14:42,Bug,Кнопка смены даты активации ПП не должна отображаться для пользователя без роли,,NBSS_TAILORED
Planning,RMBSS-18841,4612842,,14/07/2026 12:28,Bug,Необработанная ошибка Tailored.IS при подписании договора ,,Mariya.Bakhareva
In Review,RMBSS-18832,4611948,,13/07/2026 18:25,Bug,"Не работает связь ""несовместимость"" между двумя разными продуктами",,Svetlana.Tusinova
Analyzing,RMBSS-18823,4611683,,13/07/2026 15:54,Bug,Связанные лица: прокрутка комментария в доп.атрибутах,,Ivan.Shirokoryad
In Review,RMBSS-18818,4611535,,13/07/2026 14:50,Bug,Предварительный счет. Точка вызова,,Andr.Kononov
Analyzing,RMBSS-18813,4610770,,13/07/2026 09:28,Bug,Роли E2E_39 Возврат оборудования,,NGolubev
Planning,RMBSS-18811,4610542,,12/07/2026 22:59,Bug,При запуске ОБД в режиме RUN система запускает ОБД в режиме retry,,Vladimir.Kobyakov
Planning,RMBSS-18810,4610532,,12/07/2026 22:29,Bug,Ошибка валидации БД PAYMENT_MANAGEMENT,,Vladimir.Kobyakov
Planning,RMBSS-18809,4610472,,12/07/2026 16:31,Bug,Неверный синтаксис в конфигурации для деперсонализации продукта,,Vladimir.Kobyakov
Analyzing,RMBSS-18805,4609809,,10/07/2026 17:34,Bug,ПП содержит ошибки конфигурации при смене продукта,,Yegor.Guskov
In Review,RMBSS-18801,4609526,,10/07/2026 15:36,Bug,Не завершается заявка на замену,,Yury.Shalonin
In Progress,RMBSS-18799,4609313,,10/07/2026 14:54,Bug,PRAIM НТ на БД 1М медленные запросы в БД,,Alexander.Chertkov
Open,RMBSS-18796,4608951,,10/07/2026 13:08,Bug,Текст виджета продукты накладывается сам на себя,,NBSS_NUS
In Review,RMBSS-18793,4608860,,10/07/2026 12:10,Bug,API получения наименований прайсов ПП не работает с фильтром,,Yevgeny.Mazhara
Open,RMBSS-18791,4608690,,10/07/2026 11:05,Bug,"При добавлении двум абонентам конечного пользователя дублируется дополнительный атрибут ""Конечный пользователь для абонентов""",,NBSS_NUS
Analyzing,RMBSS-18790,4608568,,10/07/2026 10:09,Bug,Не заполняется объект productPriceInfo при запросе начислений ЛС,,Yevgeny.Mazhara
Open,RMBSS-18789,4608176,,10/07/2026 00:28,Bug,Пропадает название редактируемого продукта в окне для создания заявки,,NBSS_NUS
Open,RMBSS-18788,4608173,,10/07/2026 00:20,Bug,Кнопка Редактировать становится активна только спустя некоторое время,,NBSS_NUS
Analyzing,RMBSS-18787,4608152,,09/07/2026 23:51,Bug,"Пустое поле подсказки над пунктами меню, например ""Отключить""",,Vladislav.Mayakin
Information needed,RMBSS-18783,4607459,,09/07/2026 14:51,Bug,Возможно создание одинаковых связанных лиц,,Marina.Lopatina
In Review,RMBSS-18780,4606856,,09/07/2026 11:51,Bug,История изменений атрибутов договора,,Ivan.Shirokoryad
In Review,RMBSS-18768,4605474,,08/07/2026 15:32,Bug,"Не отображается вкладка ""Заявки"" на форме договора",,Dmitry.Ushakov
In Review,RMBSS-18765,4605116,,08/07/2026 13:39,Bug,Отсутствие запятой в словосочетании на UI,,Nikolay.Ryazantsev
Analyzing,RMBSS-18755,4603188,,07/07/2026 13:38,Bug,Отсутствует роль BSS-Box:v1:Billing:Tax:Delete,,Artem.Samokrutov
Open,RMBSS-18754,4603026,,07/07/2026 12:57,Bug,Эндпоинт проверки возможности создать корректировку отдает 500,,NBSS_UDB
Analyzing,RMBSS-18750,4602759,,07/07/2026 10:43,Bug,Роли для E2E_51 Управление добровольной блокировкой абонента,,NGolubev
Open,RMBSS-18749,4602741,,07/07/2026 10:35,Bug,Мультиязычность при входе в портал,,Kirill.Leskin
In Review,RMBSS-18745,4601990,,06/07/2026 18:09,Bug,При переключении между вкладками не запрашивается nextActivities,,Nikolay.Ryazantsev
Analyzing,RMBSS-18740,4601573,,06/07/2026 15:19,Bug,При удалении документов в заявках нет фильтрации по типу,,Vladimir.Belikov
In Review,RMBSS-18738,4601513,,06/07/2026 14:57,Bug,Отображение периодов начислений с учетом таймзон,,Yekaterina.Kadnikova
Planning,RMBSS-18733,4600256,,06/07/2026 00:15,Bug,Ошибка запуска ОБД в режиме PRE-CHECK,,Vladimir.Kobyakov
Open,RMBSS-18732,4599851,,04/07/2026 19:20,Bug,Нет отображается модальное окно с предупреждением при изменении даты активации основного продукта,,NBSS_NUS
Open,RMBSS-18730,4599800,,04/07/2026 16:46,Bug,"Значение ""Дата активации"" по умолчанию не заполнено текущей датой активации.",,Aleksandr.Lebedev
Open,RMBSS-18723,4598976,,03/07/2026 14:50,Bug,Не настроены права CUSTOMER_CARE_TEST ,,NBSS_NUS
In Review,RMBSS-18719,4598480,,03/07/2026 12:08,Bug,NUS. Некорректное отображение параметров с объемными значениями в Истории,,Nikolay.Ryazantsev
In Review,RMBSS-18717,4598185,,03/07/2026 10:39,Bug,NUS. работа форм Просмотра истории изменения атрибутов сущностей,,Nikolay.Ryazantsev
Information needed,RMBSS-18715,4598007,,03/07/2026 09:28,Bug,"Ошибка при поиске клиента serviceName: null, errorCode: 422, userMessage: null",,NBSS_KT
Analyzing,RMBSS-18714,4598000,,03/07/2026 09:23,Bug,Проблемы с загрузкой генераторов в METADATA,,A.Vasilyev
Analyzing,RMBSS-18707,4596600,,02/07/2026 15:11,Bug,Роли E2E_44 Замена SIM-карты абонента,,NGolubev
In Review,RMBSS-18694,4594409,,01/07/2026 16:25,Bug,Некорректное название параметра в recipientContext (subdivisionId),,Nikolay.Ryazantsev
In Review,RMBSS-18687,4593429,,01/07/2026 12:33,Bug,"Не применяется сортировка по ""ID задания"" на форме Подтверждения мер",,Marina.Lopatina
In Progress,RMBSS-18685,4592710,,01/07/2026 11:11,Bug,Изменить наименование шага 2 при замене или добавлении КП,,NBSS_TAILORED
Open,RMBSS-18684,4592644,,01/07/2026 10:59,Bug,E2E_62_41 Продажа клиенту B2B - Не заведены коммутаторы под разные регионы,,Andrey.Markeev
Analyzing,RMBSS-18679,4591154,,30/06/2026 17:06,Bug,Проблема синхронизации справочника balanceTypes из refdata в udb ветка 3.1.X,,AShirko
In Progress,RMBSS-18675,4589825,,30/06/2026 14:05,Bug,Начисления и трафик - отсутствует фильтрация по продукту по умолчанию,,NBSS_NUS
Open,RMBSS-18674,4589810,,30/06/2026 13:59,Bug,"Вкладка ""Объемы"" на вкладке ""Потребление"" открывается первой",,Aleksandr.Lebedev
Open,RMBSS-18673,4589724,,30/06/2026 13:23,Bug,лишний отступ сепаратора от кнопки вызова детализации на форме потребления. ,,NBSS_NUS
Open,RMBSS-18667,4588711,,29/06/2026 23:28,Bug,На форме редактирования конечного пользователя (связанное лицо) доступно и обязательно редактирование доп.атрибутов  ,,NBSS_NUS
Information needed,RMBSS-18665,4588482,,29/06/2026 18:24,Bug,Система не видит существующий платеж,,Mikhail.Yeryomenko
Open,RMBSS-18664,4588468,,29/06/2026 18:12,Bug,"При замене конечного пользователя функция связанного лица не переводится в ""Закрытая""",,Olga.Popova
Open,RMBSS-18651,4587379,,29/06/2026 13:06,Bug,При запросе детализации в ответе возвращается два файла,,Dmitry.Tkachenko
In Review,RMBSS-18649,4587304,,29/06/2026 12:36,Bug,Кодировка формы авторизации,,Dmitry.Tkachenko
In Review,RMBSS-18635,4584082,,25/06/2026 19:47,Bug,Отсутствует роль ROLE_OAPI:v1:PRAIM:Party:Template:Search у admin ,,Yelena.Lets
Open,RMBSS-18630,4583778,,25/06/2026 16:26,Bug,Не закрылось окно с сообщением о Дубликате,,Aleksandr.Lebedev
Information needed,RMBSS-18622,4583075,,25/06/2026 11:15,Bug,"Функция ""Конечный пользователь""",,Mikhail.Milyutin
In Review,RMBSS-18616,4582259,,24/06/2026 17:26,Bug,Отсутствуют русские наименования в ISO справочнике валют ,,Yevgeny.Mazhara
In Progress,RMBSS-18605,4581126,,24/06/2026 12:37,Bug,Медленная обработка запросов к CPM ,,Yury.Shalonin
In Review,RMBSS-18600,4580882,,24/06/2026 11:04,Bug,Продажа ПП со статич.apn и выбранным ip не провизится в SAM (правка NBSS_PORTAL),,Yegor.Guskov
In Review,RMBSS-18596,4579781,,23/06/2026 17:50,Bug,Продажа Доступ к спутниковой связи и опции L3 VPN завершается ошибкой на всех стендах,,NBSS_KT
Open,RMBSS-18588,4579485,,23/06/2026 15:38,Bug,Ошибка при снятии брони с ресурсов в LIS: No content при продаже Бандла,,NBSS_TAILORED
Open,RMBSS-18576,4577947,,22/06/2026 17:50,Bug,"Доступность кнопки ""Сменить основной продукт""",,Dmitry.Ushakov
In Review,RMBSS-18575,4577803,,22/06/2026 16:45,Bug,NBSS_CFG. Ошибка получения списка адресов объекта иерархии,,NBSS_TORS
In Review,RMBSS-18572,4577724,,22/06/2026 15:59,Bug,В API PRAIM не учитывается период действия записи из refdata,,Mikhail.Milyutin
In Review,RMBSS-18562,4577011,,22/06/2026 11:06,Bug,"Договор не выполнено ""Связывание выбранного договора с заявкой""",,Yury.Shalonin
In Review,RMBSS-18559,4576968,,22/06/2026 10:48,Bug,В заявке на замену отображаются не заполняемые поля,,Yury.Shalonin
Open,RMBSS-18556,4576407,,21/06/2026 12:17,Bug,"Отсутсвует маркер повышенного клиента на кнопке ""Карточка клиента""",,NBSS_NUS
Open,RMBSS-18554,4576401,,21/06/2026 12:01,Bug,Подсказка о повышенном уровне не исчезает при отсутствии наведения на тип корректировки,,NBSS_NUS
Open,RMBSS-18553,4576398,,21/06/2026 11:55,Bug,"Отсутствует разделитель ""Все/Товары/Оборудование"" в заявке",,NBSS_NUS
Open,RMBSS-18552,4576397,,21/06/2026 11:52,Bug,Не отображается подсказка о переносе ДС кошлька при повышенном уровне,,NBSS_NUS
Analyzing,RMBSS-18524,4575330,,19/06/2026 14:35,Bug,PRAIM. Ошибка получения списка адресов объекта иерархии,,NBSS_PRAIM
Open,RMBSS-18522,4575253,,19/06/2026 13:57,Bug,PSC: Ошибка при публикации нескольких проектов подряд ,,NBSS_PSC
In Review,RMBSS-18515,4574306,,18/06/2026 22:02,Bug,Добавить фильтрацию по АУС-ам на форме Потребления в режиме просмотра по ЛС,,Mikhail.Milyutin
In Progress,RMBSS-18514,4574165,,18/06/2026 19:27,Bug,Не отражаются периоды деталей биллингового счета,,NBSS_TORS
Open,RMBSS-18508,4573807,,18/06/2026 16:12,Bug,Пользователю с ролью PRODUCT доступен заход в форму UNIBLP,,NBSS_UNIBLP
In Review,RMBSS-18504,4573607,,18/06/2026 14:39,Bug,Не user-friendly сообщение при наведении на кнопку календаря,,Lidiya.Dubovets
Analyzing,RMBSS-18503,4573594,,18/06/2026 14:31,Bug,"При формировании отчета по детализации потребления, периодом более 90 дней, на печатной форме отображается ошибка",,Dmitry.Koptev
In Review,RMBSS-18502,4573581,,18/06/2026 14:27,Bug,"Несоответствие текста ошибки макету ""Продукт имеет активную заявку на изменение""",,Lidiya.Dubovets
In Progress,RMBSS-18501,4573575,,18/06/2026 14:23,Bug,Отсутствует отправка пароля на почту при формировании отчета по детализации потребления,,NBSS_DGS
Analyzing,RMBSS-18497,4573481,,18/06/2026 13:48,Bug,Роли E2E_45 Замена номера абонента,,NGolubev
Analyzing,RMBSS-18490,4573194,,18/06/2026 11:39,Bug,"Конфликт Продукт ""Абонентский терминал"" недоступен для подключения с основным продуктом ""PRODUCT_OFFERING_0"".",,Arseniya.Konovalova
Open,RMBSS-18488,4573177,,18/06/2026 11:22,Bug,Отсутствует проверка даты при создании разового начисления: допускается дата раньше даты создания абонента.,,Dmitry.Tkachenko
Analyzing,RMBSS-18485,4572461,,17/06/2026 17:48,Bug,Ошибка получение списка доступных действий над адресов СЛ после удаления,,NBSS_TAILORED
Analyzing,RMBSS-18471,4571493,,17/06/2026 11:39,Bug,crab2nwm. При исполнении заявки на разблокировку ошибка в NWM,,Svetlana.Tusinova
Open,RMBSS-18469,4571221,,17/06/2026 10:33,Bug,Не добавляются телефонные номера в LIS,,SPreobrazhensky
In Review,RMBSS-18467,4570573,,16/06/2026 17:29,Bug,Не единообразие работы форм,,Dmitry.Tkachenko
In Review,RMBSS-18466,4570562,,16/06/2026 17:20,Bug,В обращении РПД не подтягивается ЛС,,Yury.Shalonin
In Review,RMBSS-18462,4570258,,16/06/2026 15:13,Bug,"Печатная форма ""Предварительный счет""",,Yury.Shalonin
Analyzing,RMBSS-18443,4568556,,15/06/2026 16:32,Bug,Некорректная работа форм Просмотра истории изменения атрибутов сущностей,,NBSS_PRAIM
In Review,RMBSS-18424,4566684,,13/06/2026 13:09,Bug,"Разграничить доступ на уровне ролей в SSO к формам ""Потребление"" ",,Mikhail.Milyutin
In Review,RMBSS-18420,4566216,,12/06/2026 11:31,Bug,В КСФ подтягиваются некорректные данные о продавце ,,Marina.Lopatina
In Progress,RMBSS-18410,4565725,,11/06/2026 16:21,Bug,"Закрыть ролями кнопки в разделе ""Дополнительные атрибуты""",,NBSS_NUS
Analyzing,RMBSS-18401,4565423,,11/06/2026 13:55,Bug,"Отсутствуют параметры в фильтре в сайдбаре ""Израсходовано""",,NBSS_GUS
Open,RMBSS-18400,4565413,,11/06/2026 13:44,Bug,"Кнопка ""Выставить на продажу"" доступна без биржи",,NBSS_TAILORED
Open,RMBSS-18399,4565398,,11/06/2026 13:32,Bug,"Лишний ""Тарифный план"" в описании продукта ",,NBSS_NUS
Analyzing,RMBSS-18382,4564351,,10/06/2026 16:52,Bug,"БФ в заявках зависают в статусе ""Исполняется"" или ""Ожидает исполнения""",,Yury.Shalonin
In Review,RMBSS-18381,4564170,,10/06/2026 15:20,Bug,При некорректной фильтрации мер лицевого счета перестаёт отображаться таблица,,Marina.Lopatina
Analyzing,RMBSS-18338,4557983,,05/06/2026 14:26,Bug,Объединяются характеристики одинаковых продуктов с разным типом передачи,,NBSS_CSM
In Review,RMBSS-18333,4556784,,04/06/2026 17:37,Bug,Поддержать работу с контекстом сущности в рамках бизнес-функций,,Mikhail.Milyutin
In Progress,RMBSS-18320,4554536,,03/06/2026 14:44,Bug,Необходимо передавать объект charge при создании корректировки детали счета,,NBSS_NUS
In Review,RMBSS-18319,4554315,,03/06/2026 13:12,Bug,Не работает фильтр по типам на форме Добавления мер,,Marina.Lopatina
In Progress,RMBSS-18318,4554283,,03/06/2026 12:59,Bug,Некорректная перерисовка кнопки сброса для биллинговых скидок,,NBSS_NUS
Open,RMBSS-18311,4553148,,02/06/2026 18:21,Bug,Нет возможности создать ЛС с USD валютой,,NBSS_TAILORED
Open,RMBSS-18300,4550817,,01/06/2026 17:17,Bug,UDB Биллинг восстановление после ошибки от id-generator 2,,KZubov
In Progress,RMBSS-18280,4548944,,31/05/2026 15:13,Bug,"При вызове формы формирования отчета по детализации потребления из контекста ЛС, Финансы>Потребление, не подтягивается ЛС + не отображается трафик",,NBSS_KT
Open,RMBSS-18277,4548921,,31/05/2026 13:53,Bug,Доступна кнопка смены даты активации с ролью CUSTOMER_CARE,,NBSS_NUS
Open,RMBSS-18239,4548054,,29/05/2026 17:11,Bug,Успешная продажа с авто формированием документов для потенциального клиента с незаполненными обязательными данными для создания договора,,NBSS_PRAIM
Open,RMBSS-18238,4548000,,29/05/2026 16:35,Bug,TTK. Установка NBSS_CFG при вынесенной в tailored часть Admin роли,,NBSS_TAILORED
Open,RMBSS-18204,4547705,,29/05/2026 14:48,Bug,Ошибка при подключении опции +2Гб,,NBSS_TAILORED
In Review,RMBSS-18180,4546298,,28/05/2026 17:44,Bug,Продажа не работает (доработка логирования CSM),,Yury.Shalonin
Analyzing,RMBSS-18175,4546023,,28/05/2026 15:43,Bug,"Ошибка при тарификации ""Спутник L Продажа"" с VPN",,Arseniya.Konovalova
Information needed,RMBSS-18164,4545707,,28/05/2026 13:32,Bug,Не формируется сообщение с ошибкой в сигнальном топике,,Yekaterina.Kadnikova
In Review,RMBSS-18156,4544672,,27/05/2026 20:20,Bug,Скролл и счетчик на форме Шаблоны плана работ,,Marina.Lopatina
Analyzing,RMBSS-18150,4544095,,27/05/2026 14:26,Bug,Ошибка при входе в карточку клиента,,Yury.Shalonin
In Review,RMBSS-18146,4543756,,27/05/2026 12:21,Bug,Не работает подстановка OSA для SSO после утановки на стенд,,Fedor.Filatov
In Review,RMBSS-18138,4542814,,26/05/2026 17:54,Bug,"Не отображается название атрибута ""Другие договоры в процессе расторжения""",,Vladimir.Belikov
Open,RMBSS-18136,4542646,,26/05/2026 16:41,Bug,Ошибка загрузки файла номеров из-за отсутствия роли  (роль добавлена),,NBSS_LIS
Open,RMBSS-18114,4540784,,25/05/2026 16:44,Bug,Проблема авторефреша. После проверки конфигурации кнопка Далее неактивна,,Dmitry.Ushakov
In Review,RMBSS-18113,4540679,,25/05/2026 16:12,Bug,Тех.заказ (управление атрибутами) не создался,,Dmitry.Dunayevsky
Open,RMBSS-18109,4540157,,25/05/2026 13:34,Bug,Не обновляется статус пользователя при синхронизации SSO-CPM,,NGolubev
Open,RMBSS-18108,4540136,,25/05/2026 13:26,Bug,Не происходит обновление данных пользователя при синхронизации SSO-CPM,,NBSS_TAILORED
In Review,RMBSS-18101,4538290,,22/05/2026 17:25,Bug,В заявке на изменение даты активации отображается код стандарта вместо названия,,Marina.Lopatina
In Review,RMBSS-18100,4538179,,22/05/2026 16:30,Bug,Переключатель без возможности выбора на форме просмотра корректировки,,Yevgeny.Mazhara
Open,RMBSS-18094,4537309,,22/05/2026 11:36,Bug,Не отображаются статуса у правила,,NBSS_NUS
Open,RMBSS-18079,4535961,,21/05/2026 16:56,Bug,Не отображается Тарифный класс в разделе Потребление-Трафик в NBSS-PORTAL,,ARCH_TEAM
In Review,RMBSS-18075,4535736,,21/05/2026 15:27,Bug,"Неверный код для оператора NomenclaturesToEdit MAX_BULK в сценарии OSA ""Обработка реестра ТМЦ от складской системы""",,N.Svetlichnaya
Open,RMBSS-18061,4533581,,20/05/2026 15:39,Bug,"Не формируется документ СФ при проведении биллинга с деталями, привязанными к разным подразделениям",,support_l2
Open,RMBSS-18060,4533450,,20/05/2026 14:38,Bug,Платеж с датой платежа в будущем происходит в текущее время,,NBSS_TAILORED
Open,RMBSS-18034,4530186,,18/05/2026 15:35,Bug,Не все поля отображаются на карточке конечного пользователя,,Yekaterina.Kadnikova
Analyzing,RMBSS-18017,4528042,,15/05/2026 17:09,Bug,Нотификация о задолженности в DMS при тестовом биллинге,,Andr.Kononov
In Review,RMBSS-18009,4526418,,14/05/2026 18:42,Bug,LIS: загрузка ТМЦ,,Nikolay.Ryazantsev
In Review,RMBSS-18008,4526377,,14/05/2026 18:09,Bug,В сценарии на замену сим-карты не передается permanent_key и msisdn,,Nikolay.Ryazantsev
Analyzing,RMBSS-18000,4525736,,14/05/2026 13:42,Bug,Нельзя создать биллинговую скидку с дефолными значениями из шаблона,,NBSS_UDB
In Review,RMBSS-17951,4521448,,12/05/2026 11:14,Bug,Не работает продажа,,Svetlana.Shishmareva
Open,RMBSS-17942,4519255,,08/05/2026 11:56,Bug,Реестр APN доступен по ссылке для всех пользователей,,Marina.Lopatina
Open,RMBSS-17927,4517713,,07/05/2026 14:20,Bug,Тесты с изменением точек продаж идут под Admin,,NBSS_TORS
Open,RMBSS-17913,4516921,,07/05/2026 05:23,Bug,Разное название продукта cnc в info.json для разных компонент,,NBSS_CNC
Open,RMBSS-17876,4515980,,06/05/2026 12:56,Bug,У пользователя SELLER_JR нет возможности бронировать ресурсы SIM-карта и номер,,NBSS_TAILORED
In Progress,RMBSS-17831,4515113,,05/05/2026 20:36,Bug,Некорректное отображение ПП с пробным периодом в продуктовом профиле,,D.Lukinsky
Open,RMBSS-17829,4515075,,05/05/2026 19:37,Bug,"При продаже ПП с пробным периодом, в договоре не отображается ЛС и некорректный размер периодической платы",,Dmitry.Shiryayev
Open,RMBSS-17828,4514976,,05/05/2026 18:53,Bug,Под ролью SELLER_JR_TEST присутствует возможность убрать галочку в чекбоксе Подключение пробного периода,,NBSS_NUS
In Review,RMBSS-17823,4514730,,05/05/2026 16:25,Bug,У части продуктов не отображается РП в заявках,,Marina.Lopatina
Planning,RMBSS-17810,4512795,,04/05/2026 17:32,Bug,CRAB-сценарии выполняются последовательно относительно вызывающей системы,,NNesterov
In Progress,RMBSS-17800,4512319,,04/05/2026 13:46,Bug,Не обновляется сообщение об ошибках конфигурации после редактирования характеристики,,Marina.Lopatina
Open,RMBSS-17788,4509474,,30/04/2026 13:32,Bug,При нажатии на абонента в ПП не открывается карточка абонента,,NBSS_NUS
Information needed,RMBSS-17787,4509407,,30/04/2026 12:54,Bug,"При отсутствии активной заявки в меню действий абонента не отображается пункт ""Перейти к заявкам""",,Aleksey.Mozgov
Open,RMBSS-17762,4505692,,28/04/2026 12:43,Bug,Поддержка Try&Buy. Этап 1. RE\FRX. Вопросы к конфигурированию,,NBSS_TAILORED
Open,RMBSS-17756,4504446,,27/04/2026 16:38,Bug,отсутствует необходимый ПП,,NBSS_TAILORED
Open,RMBSS-17755,4504396,,27/04/2026 16:09,Bug,"SSO_LOADER. Поддержка сущности ""ресурc""",,NGolubev
In Review,RMBSS-17740,4502250,,24/04/2026 18:00,Bug,Заявка на отключение финансовой блокировке по неоплате падает с ошибкой,,Nikolay.Ryazantsev
In Review,RMBSS-17739,4502233,,24/04/2026 17:52,Bug,При финансовой блокировке продукта средства не возвращаются,,Nikolay.Ryazantsev
Open,RMBSS-17731,4501708,,24/04/2026 13:56,Bug,Ошибка: Недостаточно прав для удаления данных о плательщике.,,NBSS_TAILORED
In Progress,RMBSS-17730,4501698,,24/04/2026 13:47,Bug,Некорректный текст на UI при смене даты активации. Отстствует идентификатор тех.заказа на вкладке Технические заказы,,NBSS_CPM
Open,RMBSS-17722,4293891,,19/11/2025 13:49,Bug,"UI: Счета - Внереализационные начисления: неверные данные, состав полей и кнопки управления",,NBSS_NUS
In Review,RMBSS-17710,4500564,,23/04/2026 18:35,Bug,"При создании заявки на редактирование без контактного лица, указывается первое контактное лицо",,Darya.Afanasyeva
Open,RMBSS-17674,4497218,,22/04/2026 15:05,Bug,Отсутствуют логи CRAB-сценариев в ELOG,,NBSS_ELOG
Open,RMBSS-17672,4495904,,21/04/2026 18:16,Bug,"Отсутствует интеграция ELOG с сервисами, установленными в k8s",,NBSS_ELOG
Analyzing,RMBSS-17671,4497011,,22/04/2026 13:33,Bug,NBSS CFG 3.21.5 не ставится поверх 3.21.4,,Yury.Shalonin
Open,RMBSS-17657,4495617,,21/04/2026 16:14,Bug,Периодически тип телефона на форме создания приходит на английском,,Dmitry.Ushakov
Analyzing,RMBSS-17648,4494395,,21/04/2026 08:45,Bug,Отсутствие AdditionalAttributeGet в AMQP PRAIM,,Ivan.Shirokoryad
Analyzing,RMBSS-17631,4489532,,16/04/2026 15:49,Bug,Некорректное наименование продукта в документе Коммерческое предложение при продаже продукта Терминал L,,Aleksey.Mozgov
In Review,RMBSS-17601,4486008,,14/04/2026 17:25,Bug,Не работают макроподстановки в OAPI call OSA 4.14.3,,Fedor.Filatov
Analyzing,RMBSS-17598,4485974,,14/04/2026 16:59,Bug,UDB Биллинг на 100к BillingCacheEntityChange list state is illegal,,Alexander.Chertkov
Open,RMBSS-17593,4485800,,14/04/2026 15:33,Bug,Отсутствует поле Лицевой счет в сайдбаре,,NBSS_NUS
Open,RMBSS-17574,4481871,,10/04/2026 18:53,Bug,[НТ] REFDATA. Ошибки 500 при создании точек продажи в 2 потока,,NBSS_REFDATA
Open,RMBSS-17572,4481655,,10/04/2026 16:37,Bug,"[НТ] TAILORED_NBSS.IS Медленные запросы /tailored_nbss/*/partnerPoints/* при быстрых ответах функций Ats, Lam, RefData",,NBSS_TAILORED
Open,RMBSS-17564,4480869,,10/04/2026 12:51,Bug,Некорректный статус у абонента при блокировке,,Nikolay.Uglov
Open,RMBSS-17558,4480529,,10/04/2026 10:43,Bug,LIS отвечает 500,,NBSS_LIS
Open,RMBSS-17548,4478998,,09/04/2026 12:28,Bug,Некорректный URL Клиент - Подразделение при переходе из бокового меню,,NBSS_NUS
Open,RMBSS-17533,4477945,,08/04/2026 18:48,Bug,Отображается кнопка Добавить платеж под SELLER_TEST,,NBSS_TAILORED
Analyzing,RMBSS-17527,4476844,,08/04/2026 15:59,Bug,Отсутствует сценарий закрытия лицевого счета,,NBSS_TAILORED
Analyzing,RMBSS-17509,4474228,,07/04/2026 12:59,Bug,Ошибка при открытии карточки ЛС,,Ivan.Shirokoryad
Open,RMBSS-17504,4472131,,06/04/2026 14:07,Bug,Опечатка в описании опции абонентской платы для м. интернета,,NBSS_TAILORED
In Progress,RMBSS-17496,4469835,,03/04/2026 18:25,Bug,На форме создания продажи при смене Контактного лица не сбрасываются контактные данные,,Mariya.Belova
Information needed,RMBSS-17485,4469181,,03/04/2026 14:31,Bug,В Договоре отображается некорректный список заявок,,Mikhail.Milyutin
Open,RMBSS-17482,4469085,,03/04/2026 13:48,Bug,Некорректное расположение текста в модальном окне Закрытия лицевого счёта,,NBSS_NUS
Analyzing,RMBSS-17481,4468672,,03/04/2026 11:46,Bug,Некорректные данные в ответе на запрос адреса,,NBSS_DEVOPS
Open,RMBSS-17474,4467113,,02/04/2026 14:42,Bug,Нет валидации полей для ввода геокоординат,,NBSS_NUS
Analyzing,RMBSS-17472,4466606,,02/04/2026 11:10,Bug,"Список доступных действий над экземпляром договора у Потенциального клиента выдает ""ALLOWED""",,Denis.Kapralov
Open,RMBSS-17466,4466085,,02/04/2026 03:31,Bug,Не проливаются данные в etcd. EPM,,Oleg.Bureyko
Analyzing,RMBSS-17452,4464364,,01/04/2026 13:04,Bug,Контекст не учитывается при создании этапа расчета ГАП биллинга,,NBSS_UDB
Open,RMBSS-17446,4464082,,01/04/2026 12:21,Bug,"Реализация инсталляторов по МИ для продуктов NWM_AAA, NWM_UDR, MDS",,Ilya.Saskov
Open,RMBSS-17438,4463291,,01/04/2026 04:40,Bug,Не проливается info и mon при установке Apache,,NBSS_APACHE
Open,RMBSS-17389,4459823,,30/03/2026 11:39,Bug,Кнопка редактировать доступна и кнопка Авторизация не отображается,,NBSS_TAILORED
Open,RMBSS-17387,4459116,,29/03/2026 14:40,Bug,Удаленная скидка доступна для удаления ,,NBSS_NUS
Open,RMBSS-17386,4459110,,29/03/2026 13:01,Bug,Не отображается сообщение о конфликтах конфигурации,,NBSS_NUS
In Progress,RMBSS-17381,4458386,,27/03/2026 16:43,Bug,Повторная заявка за замену номера не завершается успешно,,Vladimir.Belikov
Planning,RMBSS-17372,4456684,,26/03/2026 18:55,Bug,Историчность данных при удалении адреса юрлица,,Angelina.Moshnenko
Open,RMBSS-17369,4456217,,26/03/2026 15:54,Bug,Ошибка при создании персонального счета через ЭФ Добавление опции,,NBSS_TAILORED
Open,RMBSS-17365,4456097,,26/03/2026 15:07,Bug,Для пользователей admin_test и seller_test отсутствует касса,,NBSS_TAILORED
Open,RMBSS-17358,4454771,,25/03/2026 21:49,Bug,При закрытии ЛС не выполняется закрытие связанных сущностей,,NBSS_TAILORED
Open,RMBSS-17351,4454409,,25/03/2026 16:34,Bug,Текст отредактированной меры не выделен желтым цветом,,NBSS_NUS
Open,RMBSS-17350,4454365,,25/03/2026 16:17,Bug,Отображение текста ошибки при редактировании ШПР не соответствует формату DD.MM.YYYY,,Nikolay.Ryazantsev
In Review,RMBSS-17335,4452204,,24/03/2026 17:05,Bug,Некорректная сумма списания при пересчете АП,,Nikolay.Ryazantsev
In Review,RMBSS-17332,4452046,,24/03/2026 16:02,Bug,Автоматически не отменяется мера Расторжение договора,,Nikolay.Ryazantsev
Open,RMBSS-17327,4451940,,24/03/2026 15:21,Bug,"Отсутствует информация о цене пробного периода на этапе ""Наполнение и уточнение КЗ""",,NBSS_NUS
In Review,RMBSS-17326,4451916,,24/03/2026 15:12,Bug,Некорректное заполнение в табе Начисления,,Marina.Lopatina
In Review,RMBSS-17325,4451894,,24/03/2026 15:06,Bug,При подключении блокировки в заявке отображается некорректное количество продуктов,,Marina.Lopatina
In Review,RMBSS-17324,4451869,,24/03/2026 14:57,Bug,После разблокировки на продукте отображается активная блокировка в табе Блокировки,,Marina.Lopatina
In Review,RMBSS-17315,4450082,,23/03/2026 15:49,Bug,Ошибка при формировании документа СФ,,Alina.Sviridenko
Open,RMBSS-17287,4447208,,20/03/2026 14:42,Bug,Нет роли ROLE_OAPI:v1:BankPays:Target:Get у пользователя Admin,,NBSS_TAILORED
Open,RMBSS-17283,4446890,,20/03/2026 12:01,Bug,Некорректно отображается сумма налога при работе с версиями ставок,,NBSS_NUS
In Review,RMBSS-17275,4445093,,19/03/2026 12:02,Bug,Некорректное отображение абонентской платы у абонента в блокировке,,Marina.Lopatina
Open,RMBSS-17262,4443894,,18/03/2026 15:59,Bug,Необходимы ПП с различным выравниванием,,NBSS_TAILORED
In Review,RMBSS-17261,4443848,,18/03/2026 15:36,Bug,Создалась дублирующая заявка при разблокировке,,Nikolay.Ryazantsev
In Review,RMBSS-17253,4443031,,18/03/2026 10:54,Bug,Плавающая ошибка проверки ролей для работы с документами,,Yury.Shalonin
Analyzing,RMBSS-17252,4442764,,18/03/2026 07:58,Bug,Пропускаются ошибки от CLICKHOUSE,,Vyacheslav.Koshkin
Information needed,RMBSS-17249,4442442,,17/03/2026 19:51,Bug,При бронировании sim для абонентского терминала пустой список коммутаторов,,Mikhail.Milyutin
Open,RMBSS-17242,4278462,,06/11/2025 18:03,Bug,Указанная в swagger роль отсутствует в SSO,,NBSS_TAILORED
Open,RMBSS-17222,4439218,,16/03/2026 16:03,Bug,Не передается идентификатор клиента в атрибут corporateClient,,NBSS_NUS
In Review,RMBSS-17220,4438545,,16/03/2026 11:58,Bug,На ЛС с запретом приема наличных платежей возможно проведение наличных платежей,,NBSS_TAILORED
Open,RMBSS-17180,4434337,,12/03/2026 15:17,Bug,Не работает additionalRemoteWrites в victoria-metrics-k8s-stack,,NBSS_EMON
In Review,RMBSS-17143,4432861,,11/03/2026 19:51,Bug,При выполнении заявки на замену ресурса CPM периодически падает на последнем шаге,,Marina.Lopatina
In Progress,RMBSS-17133,4432117,,11/03/2026 13:00,Bug,Некорректная работа поиска по SN,,NBSS_TAILORED
Open,RMBSS-17017,4426618,,05/03/2026 15:52,Bug,Отображать на ЭФ Биллинговые скидки только актуальных абонентов ,,V.Semendyayev
Analyzing,RMBSS-17009,4426453,,05/03/2026 14:33,Bug,Не работает роль NUS:GUI:Address:Change:Coordinates,,NBSS_TAILORED
In Review,RMBSS-17007,4426211,,05/03/2026 12:41,Bug,Не хватает ролей для создания клиента,,Aleksey.Tsydenov
Open,RMBSS-17001,4425242,,04/03/2026 19:04,Bug,[UI] Финансовые отчеты партнера - Наименование фин. отчета,,KZubov
Open,RMBSS-17000,4425232,,04/03/2026 18:53,Bug,Финансовые отчеты партнера - Период формирования,,KZubov
Open,RMBSS-16998,4425177,,04/03/2026 18:15,Bug,Финансовые отчеты партнера - Группировка по атрибутам,,KZubov
Open,RMBSS-16995,4425148,,04/03/2026 17:58,Bug,Финансовые отчеты партнера - Выборка ЛС,,KZubov
In Review,RMBSS-16990,4424595,,04/03/2026 13:17,Bug,Ошибка работы /openapi/v1/productManagement/commercialOrders/{commercialOrderId}/orderProducts/search,,Mihail.Katkov
Open,RMBSS-16976,4422150,,02/03/2026 21:34,Bug,[Internal] E2E_91 отсутствует роль для создания договора,,NBSS_TAILORED
Analyzing,RMBSS-16974,4422018,,02/03/2026 18:06,Bug,Не проводится внеочередной биллинг,,KZubov
In Review,RMBSS-16973,4421997,,02/03/2026 17:45,Bug,Можно закрыть заявку по продаже на следующих после изначального шага,,Vladimir.Sidortsov
Planning,RMBSS-16971,4421634,,02/03/2026 15:03,Bug,Не совпадают даты начислений для абонента Самарской области,,Yuriy.Bykhovsky
Open,RMBSS-16969,4421583,,02/03/2026 14:37,Bug,"Статус ""РД проверяеются"" при таймауте опроса CRAB",,NBSS_TAILORED
Open,RMBSS-16966,4421311,,02/03/2026 12:42,Bug,"Заказ в CRAB завершен с ошибкой, но это не отображается в NBSS UI",,NBSS_TAILORED
Open,RMBSS-16953,4417925,,26/02/2026 16:38,Bug,[UI] Финансовые отчеты партнера - Отображение ЛС,,KZubov
In Review,RMBSS-16942,4417139,,26/02/2026 10:45,Bug,Ошибка при выполнений CRAB-сценария nbssProductManagement,,Mihail.Katkov
In Review,RMBSS-16933,4415848,,25/02/2026 12:10,Bug,Ошибка при выполнений CRAB-сценария nbssClientLevel,,Mihail.Katkov
Open,RMBSS-16931,4414924,,24/02/2026 17:16,Bug,Рефрешатся данные о связанном лице при добавлении/редактировании социальных сетей связанного лица,,NBSS_NUS
In Progress,RMBSS-16925,4413444,,23/02/2026 16:14,Bug,[Internal] E2E_91 отсутствует роль для создания ЛС,,NBSS_TAILORED
Analyzing,RMBSS-16867,4407946,,18/02/2026 14:24,Bug,Не доработан вызов списка причин корректировок,,NBSS_NUS
In Review,RMBSS-16859,4407412,,18/02/2026 10:54,Bug,Некорректные параметры в заявке на замену ресурса,,Marina.Lopatina
In Review,RMBSS-16849,4406225,,17/02/2026 14:52,Bug,Тех заказ выполняется некорректно,,Mihail.Katkov
Open,RMBSS-16834,4405022,,16/02/2026 17:19,Bug,В названии типа документа Ё вместо Е,,NBSS_TAILORED
Open,RMBSS-16824,4404500,,16/02/2026 14:11,Bug,Невозможно согласовать документ 'nbss_agreement.pdf',,Alexander.Chertkov
In Progress,RMBSS-16820,4404040,,16/02/2026 11:28,Bug,FPM. Ошибка при получении автоплатежей,,NBSS_TAILORED
In Progress,RMBSS-16804,4403322,,15/02/2026 12:59,Bug,Кнопка подписания договора доступна,,Ivan.Shirokoryad
In Review,RMBSS-16798,4402566,,13/02/2026 18:59,Bug,Не работает поиск ПП,,Mihail.Katkov
Open,RMBSS-16795,4402436,,13/02/2026 17:14,Bug,Некорректно фиксируется время в Дате назначения,,NBSS_TAILORED
Open,RMBSS-16790,4401629,,13/02/2026 11:45,Bug,Ошибка запроса истории атрибутов,,Danil.Uralov
In Review,RMBSS-16765,4398143,,11/02/2026 14:07,Bug,Отсутствует роль OAPI:v1:DGS:File:Search:AllRecipients в SSO,,Alexander.Chertkov
Open,RMBSS-16763,4397646,,11/02/2026 10:32,Bug,422 при попытке провести бандл на 0205,,NBSS_TAILORED
Planning,RMBSS-16756,4396562,,10/02/2026 14:55,Bug,Не сохраняется тип договора при редактировании,,NBSS_PRAIM
Open,RMBSS-16699,4392664,,06/02/2026 16:34,Bug,NBSS pic-worker отсутствуют некоторые столбцы,,PIC_PO
Open,RMBSS-16679,4390993,,05/02/2026 18:09,Bug,Календарь 2-ух видов в NPM Portal,,Aleksandr.Lebedev
Open,RMBSS-16669,4390616,,05/02/2026 15:26,Bug,Объект обслуживания удаляется с UI только после авторефреша страницы,,NBSS_NUS
In Progress,RMBSS-16662,4390377,,05/02/2026 13:55,Bug,Частично скрыто поле сортировки на общей странице с заявками ,,Natalia.Guk
In Review,RMBSS-16661,4390360,,05/02/2026 13:48,Bug,"В UI не отображается информация по создателю заявки, кроме истории заявки. Фильтр по создателю не работает",,NBSS_NUS
Open,RMBSS-16649,4389113,,04/02/2026 16:53,Bug,Неочевидный UX в наименовании кнопок ,,NBSS_NUS
In Review,RMBSS-16641,4388860,,04/02/2026 14:55,Bug,Не работает фильтр по датам на форме со всеми заявками ,,NBSS_NUS
Open,RMBSS-16636,4388677,,04/02/2026 13:45,Bug,Возможно проставить прошедшую дату срока обработки претензии,,Anna.Markova
Open,RMBSS-16635,4388662,,04/02/2026 13:38,Bug,Бесконечный лоадер при создании технического заказа,,NBSS_NUS
Open,RMBSS-16632,4388272,,04/02/2026 11:16,Bug,Создание некорректного связанного лица,,Mariya.Bakhareva
Open,RMBSS-16617,4386643,,03/02/2026 13:07,Bug,Нет кнопки info у индивидуализированных цен,,NBSS_TORS
Open,RMBSS-16603,4384721,,02/02/2026 12:49,Bug,Используется некорректный эндпоинт для получения баланса,,NBSS_NUS
Analyzing,RMBSS-16594,4382263,,30/01/2026 17:16,Bug,В Grafana отображаются не все метрики,,Vyacheslav.Koshkin
Open,RMBSS-16588,4381776,,30/01/2026 14:24,Bug,Маскирование чувствительных данных не работает при получении ответа в XML,,NBSS_TAILORED
Open,RMBSS-16578,4380505,,29/01/2026 18:50,Bug,[НТ] Не работат продажа. NLM,,NBSS_TAILORED
Analyzing,RMBSS-16571,4380160,,29/01/2026 16:02,Bug,"DMS. После применения меры ""Разблокировка"", заявка на расторжение договора не закрылась.",,Radu.Bucur
Open,RMBSS-16545,4378799,,28/01/2026 20:27,Bug,[Internal] Для юзера с ролью NBSS:E2E_39:EquipmentReturn:Manage ошибка при замене оборудования из боковой панели,,NBSS_TAILORED
Open,RMBSS-16544,4378790,,28/01/2026 19:43,Bug,"[Internal] Для юзера с ролью NBSS:E2E_39:EquipmentReturn:Manage нет кнопки ""Заменить"" для оборудования",,NBSS_TAILORED
Analyzing,RMBSS-16542,4378693,,28/01/2026 17:54,Bug,[Internal] Переход на карточку сегмента для роли NBSS:E2E_65:B2BDebt:Read должен быть доступен,,Artem.Smirnov
Open,RMBSS-16541,4378674,,28/01/2026 17:49,Bug,"Кнопка ""Редактировать"" на карточке ШПР для роли NBSS:E2E_65:B2BDebt:Read должна быть недоступна",,NBSS_NUS
Analyzing,RMBSS-16540,4378671,,28/01/2026 17:47,Bug,"Кнопка ""Добавить"" на карточке ШПР для роли NBSS:E2E_65:B2BDebt:Read должна быть недоступна",,Mikhail.Milyutin
Open,RMBSS-16539,4378668,,28/01/2026 17:45,Bug,"[Internal] Кнопка ""Создать план работ"" для роли NBSS:E2E_65:B2BDebt:Read должна быть недоступна",,NBSS_NUS
Open,RMBSS-16538,4378664,,28/01/2026 17:42,Bug,"[Internal] Кнопка ""Изменить план работ"" для роли NBSS:E2E_65:B2BDebt:Read должна быть недоступна",,NBSS_NUS
Open,RMBSS-16529,4378045,,28/01/2026 12:57,Bug,Некорректно определился регион,,NBSS_NUS
In Review,RMBSS-16526,4377822,,28/01/2026 11:14,Bug,"Некорректный Перенос продуктов одного абонента, у которых разных Договор",,NBSS_TAILORED
Open,RMBSS-16511,4376788,,27/01/2026 16:19,Bug,Заведение корректной иерархии ролей перс. счетов,,NBSS_NUS
Open,RMBSS-16496,4375217,,27/01/2026 01:35,Bug,[Internal] E2E_02 возвращается ошибка поиска адреса,,NBSS_TAILORED
Open,RMBSS-16481,4374509,,26/01/2026 16:19,Bug,При добавлении нескольких бандлов на UI едет дерево продуктов ,,NBSS_NUS
In Review,RMBSS-16462,4371204,,23/01/2026 18:17,Bug,Ошибка при переносе средств по заявлению клиента,,Yevgeny.Zhestokanov
Open,RMBSS-16456,4370968,,23/01/2026 16:28,Bug,Не отображена причина блокировки переноса баланса,,NBSS_NUS
Open,RMBSS-16455,4370957,,23/01/2026 16:21,Bug,При повышенном уровне риска доступен перенос баланса,,NBSS_NUS
Open,RMBSS-16453,4370939,,23/01/2026 16:13,Bug,При повышенном уровне риска возникает ошибка создания корректировки платежа,,NBSS_TAILORED
Open,RMBSS-16452,4370916,,23/01/2026 16:03,Bug,При повышенном уровне риска доступно создание отрицательной корректировки,,NBSS_TAILORED
Open,RMBSS-16440,4370319,,23/01/2026 12:21,Bug,Ошибка при загрузке обещанных платежей,,NBSS_TAILORED
Open,RMBSS-16439,4370287,,23/01/2026 12:04,Bug,Поле ИНН не содержит номер,,Yevgeny.Zhestokanov
Open,RMBSS-16433,4368960,,22/01/2026 15:22,Bug,CCS не умеет работать с трафиком через cdr файлы,,Svetlana.Tusinova
Analyzing,RMBSS-16421,4368403,,22/01/2026 11:13,Bug,"LIS не видит роли у Admina, при наличии этой роли в SSO",,NBSS_LIS
Open,RMBSS-16387,4365337,,20/01/2026 16:24,Bug,Не появляется сообщение об успешной смене даты активации продукта,,NBSS_NUS
Planning,RMBSS-16386,4365193,,20/01/2026 15:39,Bug,Посекундный возврат средств при фин блокировке,,Nikolay.Uglov
Open,RMBSS-16385,4365137,,20/01/2026 15:18,Bug,"Для роли NBSS:E2E_55:B2BAgreementCancellation:Full не должны быть доступны ""Комментарии""",,NBSS_NUS
Planning,RMBSS-16383,4365036,,20/01/2026 14:45,Bug,Некорректная работа эндпонита NWM,,Svetlana.Tusinova
Information needed,RMBSS-16300,4359921,,16/01/2026 12:10,Bug,Пустое значение attributeName,,Danil.Uralov
Open,RMBSS-16291,4358668,,15/01/2026 16:53,Bug,Неактивная кнопка возврата на ГС,,NBSS_TAILORED
Open,RMBSS-16289,4358470,,15/01/2026 15:50,Bug,Добавление параметра при вызове API Поиска продуктовых предложений клиента/абонента,,NBSS_TAILORED
Open,RMBSS-16288,4358464,,15/01/2026 15:50,Bug,DMS. На форме просмотра ШПР не отображается открытый сегмент,,Nikolay.Pozharskiy
In Review,RMBSS-16282,4357979,,15/01/2026 11:57,Bug,Недостаточный уровень логирования id-generator,,Alina.Sviridenko
Information needed,RMBSS-16266,4356031,,14/01/2026 11:52,Bug,Отсутствие скроллинга и пагинации в портале,,Aleksandr.Lebedev
Open,RMBSS-16227,4349198,,09/01/2026 14:20,Bug,Характеристики некорректны для ПП Смартфон Apple iPhone 16,,NBSS_NUS
Open,RMBSS-16219,4348583,,07/01/2026 13:54,Bug,Нужна проверка на сегмент для эндпонита DMS,,NBSS_DMS
Open,RMBSS-16207,4348299,,06/01/2026 15:08,Bug,Ошибка определения региона подключения при добавлении ПП в продажу,,NBSS_TAILORED
Open,RMBSS-16156,4345831,,30/12/2025 16:48,Bug,Шаблоны бил скидок: съехала вёрстка в параметрах шаблона,,NBSS_NUS
Analyzing,RMBSS-16149,4345485,,30/12/2025 13:50,Bug,UDB Биллинг на 100к GET /generateSequenceId ERROR 500,,Alina.Sviridenko
In Review,RMBSS-16142,4344782,,29/12/2025 18:59,Bug,[Internal] Ролевая модель E2E_89 Работа с обращениями Нет возможности работать с комментариями к заявкам и клиентам,,Marina.Lopatina
In Review,RMBSS-16137,4344677,,29/12/2025 16:38,Bug,Необходимо добавлять комментарий со списком неоплаченных счетов к блокировке,,Yevgeny.Mazhara
Open,RMBSS-16132,4344529,,29/12/2025 14:55,Bug,"Отображается форма ""Заметки по клиенту""",,NBSS_NUS
In Review,RMBSS-16122,4342941,,26/12/2025 17:58,Bug,UDB Биллинг на 100к максимальные значения sequence-ов UDB,,Alexander.Chertkov
In Review,RMBSS-16097,4341527,,25/12/2025 16:53,Bug,UDB Биллинг на 100к Неинформативные сообщения в логах groovy скрипта,,Alexander.Chertkov
In Review,RMBSS-16093,4341442,,25/12/2025 15:55,Bug,Ошибка снятия бронирования ПП Гибкий бизнес,,Vladimir.Belikov
Open,RMBSS-16074,4340232,,24/12/2025 17:07,Bug,500 ошибка при переносе баланса,,NBSS_NUS
Analyzing,RMBSS-16010,4336122,,22/12/2025 11:53,Bug,При создании ШПР отсутствует проверка уникальности по сегменту,,Aleksandr.Lebedev
Open,RMBSS-16003,4335446,,21/12/2025 18:36,Bug,Невозможно заменить ПП у абонента с блокировкой,,NBSS_TAILORED
Open,RMBSS-16000,4335417,,21/12/2025 16:23,Bug,неверный расчет количества доступных ресурсов на форме бронирования,,NBSS_LIS
Open,RMBSS-15999,4335408,,21/12/2025 15:43,Bug,Разные типы объектов для мер на вкладке Работа с долгом,,NBSS_NUS
Open,RMBSS-15997,4335397,,21/12/2025 14:58,Bug,Объемы расходуются при финансовой блокировке,,NBSS_TAILORED
Open,RMBSS-15989,4335348,,21/12/2025 11:50,Bug,Ошибка при фильтрации по операции в истории изменений атрибутов клиента,,NBSS_NUS
Open,RMBSS-15965,4334117,,19/12/2025 13:53,Bug,Маскировака данных конечного клиента не работает ,,NBSS_NUS
Open,RMBSS-15949,4333573,,19/12/2025 08:40,Bug,EntityNotFound. solo-nbss-daily 19.12.2025,,NBSS_TAILORED
Planning,RMBSS-15943,4332944,,18/12/2025 15:18,Bug,DMS. При изменении сегмента клиента не меняется сегменты его ЛС,,AShirko
Open,RMBSS-15937,4332504,,18/12/2025 12:35,Bug,Некорректный тип счёта при переносе баланса,,NBSS_NUS
In Review,RMBSS-15932,4331726,,17/12/2025 17:36,Bug,[НТ] Praim. Отсутвует параметр управления количеством подключений к БД,,Maksim.Steshenko
Analyzing,RMBSS-15927,4331600,,17/12/2025 16:40,Bug,Не скроллится форма выбора детали корректировки цели,,NBSS_NUS
Open,RMBSS-15922,4331234,,17/12/2025 14:10,Bug,"Для роли NBSS:E2E_55:B2BAgreementCancellation:Full не должны быть доступны ""Заметки по клиенту""",,Stepan.Fomin
Open,RMBSS-15916,4330853,,17/12/2025 11:45,Bug,Атрибут уровня риска автоматически возвращается на значение по-умолчанию спустя некоторое время после изменения,,NBSS_NUS
Open,RMBSS-15904,4329752,,16/12/2025 15:59,Bug,Доступны маскируемые данные при авторизации по API,,NBSS_TAILORED
Open,RMBSS-15871,4326442,,13/12/2025 14:28,Bug,Нет возможности редактировать ресурсы продукта Доступ к спутниковой связи,,Aleksey.Mozgov
Analyzing,RMBSS-15825,4323913,,11/12/2025 15:11,Bug,"[Internal] Для роли NBSS:E2E_83:TaxInvoice:Full должна быть доступна кнопка ""Заказать документ""",,NBSS_TAILORED
Analyzing,RMBSS-15752,4319805,,08/12/2025 20:44,Bug,Этап и свойства на английском языке при просмотре информации о биллинговой пачке,,NBSS_NUS
Analyzing,RMBSS-15751,4319608,,08/12/2025 17:19,Bug,FPM. Ошибка при получении продуктовых предложений ОП,,NBSS_TAILORED
Open,RMBSS-15745,4319209,,08/12/2025 14:46,Bug,Процесс QG NBSS: в тесте Checking The Application Of A Billing Discount Or Additional Charges нет проверки кода ответа,,NBSS_TORS
Open,RMBSS-15732,4318497,,08/12/2025 10:24,Bug,"Дублируется отображение характеристики ""Комментарий к цене""",,NBSS_NUS
In Review,RMBSS-15729,4317420,,05/12/2025 18:16,Bug,"Отсутствуют необходимые ПП с настроенной связью ""Несовместимость""",,Arseniya.Konovalova
Open,RMBSS-15727,4317352,,05/12/2025 17:33,Bug,Не разворачивается список Стандартов при редактировании Типа номера MSISDN,,NBSS_LIS
Analyzing,RMBSS-15723,4317174,,05/12/2025 15:51,Bug,EPM. Ошибки в логе.,,Oleg.Simanov
Open,RMBSS-15674,4315677,,04/12/2025 17:40,Bug,"Коммерческое предложение формируется со статусом ""ошибка"" для Бандл продукта",,NBSS_TAILORED
In Review,RMBSS-15660,4314092,,03/12/2025 18:20,Bug,Ошибка отображения блокировк в UI,,A.Zhivov
Planning,RMBSS-15657,4313963,,03/12/2025 17:04,Bug,"У ПП ""Спутник L Продажа"" для характеристики ConnectionType задан неверный справочник",,NBSS_TAILORED
Analyzing,RMBSS-15646,4313671,,03/12/2025 14:45,Bug,[Internal] Для роли NBSS:E2E_85:BillingRollback:Full доступна загрузка документов,,NBSS_TAILORED
Open,RMBSS-15634,4312304,,02/12/2025 18:29,Bug,Отображается Порог отключения после выключения Контроля порога при редактировании,,NBSS_NUS
In Review,RMBSS-15578,4305140,,27/11/2025 14:32,Bug,Некорректные единицы тарификации,,Marina.Lopatina
Information needed,RMBSS-15576,4305100,,27/11/2025 14:04,Bug,Некорректно отображаются объёмы на витрине после генерации трафика,,support_l2
Open,RMBSS-15555,4303726,,26/11/2025 16:34,Bug,При добавлении абонента к активной скидке subscriptionIds = -1,,NBSS_NUS
In Review,RMBSS-15532,4300445,,25/11/2025 09:04,Bug,SSOLoader ошибки во время установки продукта,,NGolubev
Open,RMBSS-15459,4298107,,22/11/2025 19:12,Bug,Вынести в Inventory все парамтеры для CPM в переменные,,Vladimir.Belikov
Open,RMBSS-15452,4298046,,22/11/2025 15:19,Bug,Не выбрать коммутатор в бронировании ресурсов для второго ПП в КЗ,,NBSS_NUS
Open,RMBSS-15451,4298033,,22/11/2025 14:26,Bug,Неправильный коммутатор для ресурсов для Терминала L,,NBSS_NUS
Open,RMBSS-15424,4296464,,21/11/2025 09:33,Bug,На форме История изменений адресов клиента не отображаются Связанные адреса,,NBSS_NUS
Open,RMBSS-15423,4296205,,20/11/2025 21:59,Bug,Форма добавления задания на откат: нет выбора точного значения,,NBSS_NUS
Open,RMBSS-15422,4294140,,19/11/2025 15:52,Bug,UI: Штрафы/пени: не хватает кнопок управления на форме,,NBSS_NUS
Open,RMBSS-15421,4295973,,20/11/2025 17:28,Bug,Не полность видно информацию о последней точке доступа,,NBSS_NUS
Open,RMBSS-15406,4294821,,20/11/2025 09:48,Bug,CFG: проблемы с длительностью и качеством установки,,Denis.Saltykov
Open,RMBSS-15374,4291937,,18/11/2025 14:28,Bug,Отсутствие доступной суммы при переносе баланса,,Aleksandr.Lebedev
Open,RMBSS-15350,4288777,,14/11/2025 19:27,Bug,Смена ПП. Некорректный шаблон нотификации клиента,,NBSS_TAILORED
In Review,RMBSS-15347,4288671,,14/11/2025 17:13,Bug,[Internal] Ролевая модель E2E_89 Работа с обращениями,,Marina.Lopatina
Open,RMBSS-15334,4287933,,14/11/2025 11:11,Bug,Ошибка при добавлении состояния сим-карты/номера,,NBSS_TAILORED
Open,RMBSS-15243,4281951,,10/11/2025 16:25,Bug,Некорректные нотификации в ПиУУ,,NBSS_TAILORED
Planning,RMBSS-15240,4280829,,10/11/2025 09:06,Bug,Роли. Разграничение действий в Продуктовом профиле клиента.,,Yury.Shalonin
Open,RMBSS-15231,4279723,,07/11/2025 17:10,Bug,Ошибка при попытке добавить опцию при редактировании ПП,,NBSS_NUS
Open,RMBSS-15227,4279488,,07/11/2025 15:18,Bug,"Гарантийный документ не удален после возврата с шага ""Формирование заказа на комплекты документов""",,NBSS_NUS
In Review,RMBSS-15225,4279450,,07/11/2025 14:50,Bug,При допродаже доп пп к основному не виден объемы у пп,,NBSS_NUS
Open,RMBSS-15223,4279362,,07/11/2025 14:18,Bug,Роли в LIS. Номерная емкость,,NBSS_LIS
Open,RMBSS-15222,4279351,,07/11/2025 14:05,Bug, Распределение продуктов заказа по Договору и ЛС не сохраняется после смены договора,,NBSS_TAILORED
Open,RMBSS-15212,4278840,,07/11/2025 09:36,Bug,"Продажа оборудования, ошибка определения региона",,NBSS_NUS
In Review,RMBSS-15211,4278621,,07/11/2025 00:19,Bug,Возвращается исходный techOrderId при попытке получения причин блокировок,,Denis.Saltykov
Analyzing,RMBSS-15199,4278373,,06/11/2025 17:17,Bug,Не заполняется SumInfo в функции получения списка корректировок,,NBSS_UDB
Open,RMBSS-15193,4278011,,06/11/2025 14:45,Bug,Тип передачи при продаже оборудования,,NBSS_NUS
Open,RMBSS-15188,4277940,,06/11/2025 14:16,Bug,Ошибка при редактировании доп.атрибута ,,NBSS_TAILORED
Open,RMBSS-15186,4277805,,06/11/2025 13:00,Bug,UI: убрать выбор авансовых СФ из списка объектов корректировки,,NBSS_NUS
Open,RMBSS-15162,4274388,,02/11/2025 15:51,Bug,Не переходит на следующий шаг при подключении ПП Интернет в офис мини,,Ilya.Saskov
In Progress,RMBSS-15160,4274046,,01/11/2025 18:00,Bug,Продажа блокируется с ошибкой на Автоматическое управление Договором при неподтверженных РД ,,Ivan.Shirokoryad
Analyzing,RMBSS-15159,4274034,,01/11/2025 17:40,Bug,Трафик в NBSS_PORTAL не отображается,,Svetlana.Tusinova
In Review,RMBSS-15140,4273117,,01/11/2025 12:04,Bug,Для смены ПП доступны ПП с несовпадающим кодом номенклатуры,,N.Svetlichnaya
Analyzing,RMBSS-15138,4272391,,31/10/2025 18:20,Bug,[НТ] CPM. Часть заявок на продажу падает с разным типом ошибок,,Darya.Afanasyeva
Planning,RMBSS-15130,4271885,,31/10/2025 14:00,Bug,Плавающий баг: Ошибка при выполнении операции Формирование документов (тех.шаг),,Yury.Shalonin
Analyzing,RMBSS-15093,4270411,,30/10/2025 12:45,Bug,Процесс QG NBSS: Расхождение суммы налога на 1 копейку в счете,,Andrey.Pozhidayev
Open,RMBSS-15089,4269887,,30/10/2025 07:07,Bug,Подсчет некорректных попыток вторичной авторизации,,NBSS_NUS
Open,RMBSS-15088,4269875,,30/10/2025 06:49,Bug,Данные Конечного пользователя не маскируются,,NBSS_NUS
Open,RMBSS-15076,4269084,,29/10/2025 13:45,Bug,Не обновляются свойства счёта при переходе с вкладки,,NBSS_NUS
Analyzing,RMBSS-15070,4268488,,29/10/2025 09:41,Bug,Зависимость установки CSM от NWM_OCS в nbss_inventory,,NBSS_NWM
In Review,RMBSS-15004,4262822,,24/10/2025 11:18,Bug,DMS. Необходимы уточняющие правки документации DMS,,AShirko
Open,RMBSS-14978,4260740,,23/10/2025 09:18,Bug,Форма Управление долгом - отсутствуют значения для поля Родительская применяемая мера,,Nikolay.Pozharskiy
Open,RMBSS-14974,4260365,,22/10/2025 19:28,Bug,Отсутствует ограничение на длину код точки продаж,,NBSS_TAILORED
Planning,RMBSS-14973,4260331,,22/10/2025 18:46,Bug,Корректный файл с ICC попал в директорию tmp/wim_workspace/errors/error_files,,Vladimir.Kobyakov
Open,RMBSS-14963,4259185,,22/10/2025 09:52,Bug,Некорректное добавление пользовательского атрибута в настройки биллинга,,Alexey.Pulatkin
Planning,RMBSS-14956,4258759,,21/10/2025 20:02,Bug,Неверная нотификация при работе сценария OSA,,Vladimir.Kobyakov
Open,RMBSS-14953,4258668,,21/10/2025 18:02,Bug,При создании договора для ФЛ не обязательны для заполнения Банковские реквизиты клиента,,NBSS_NUS
In Review,RMBSS-14948,4258425,,21/10/2025 15:50,Bug,"Финансы-Платежи: ошибка, при добавлении платежа с валютой USD",,Aleksandr.Artemov
Open,RMBSS-14929,4256981,,20/10/2025 17:31,Bug,Не корректная фильтрация заявок на стартовом экране,,NBSS_NUS
Analyzing,RMBSS-14915,4255212,,18/10/2025 22:09,Bug,Назначение текущей точки продаж пользователю без атрибута currentPartnerPoint и торговой точки,,Nikolay.Uglov
Analyzing,RMBSS-14891,4254519,,17/10/2025 16:25,Bug,При большом колличестве изменений пропадают истории изменений связанных лиц,,NBSS_NUS
Open,RMBSS-14887,4254428,,17/10/2025 15:48,Bug,"Связанное лицо с пунктом бессрочно, отображается с датой окончания",,NBSS_TAILORED
Analyzing,RMBSS-14868,4253168,,16/10/2025 22:16,Bug,Факс у связанного лица отображается как undefined телефон,,Marina.Lopatina
Open,RMBSS-14846,4251166,,15/10/2025 16:31,Bug,Нет кнопки Расторгнуть договор на договоре в статусе Действующий,,Andrey.Pozhidayev
Open,RMBSS-14818,4249056,,14/10/2025 12:27,Bug,"Отображение ""объемов"" (usage+макс.объем) в базовых единицах измерения, а не в конфигурационных",,Svetlana.Tusinova
Open,RMBSS-14802,4245881,,11/10/2025 17:21,Bug,NP позволяет ввести количество документов в РПД в значение 0 или больше допустимого,,NBSS_NUS
Open,RMBSS-14801,4245875,,11/10/2025 17:05,Bug,"Доп.атрибут продажи ""Адрес для доставки РПД"" имеет не правильный тип данных",,Vladimir.Sidortsov
Open,RMBSS-14797,4245853,,11/10/2025 14:55,Bug,Не нужна кнопка согласования КП в продаже,,Vladimir.Sidortsov
In Review,RMBSS-14768,4241613,,08/10/2025 14:01,Bug,Невозможно отредактировать комплект документов при продаже если у клиента нет связанного лица,,NBSS_NUS
Analyzing,RMBSS-14765,4241474,,08/10/2025 12:58,Bug,Массовые ошибки обращения к Refdata при запросе истории объемов,,NBSS_GUS
Analyzing,RMBSS-14758,4240393,,07/10/2025 18:50,Bug,Окно создания элемента справочника в RefData смещено за пределы зоны видимости при первом появлении,,NBSS_REFDATA
Open,RMBSS-14757,4240368,,07/10/2025 18:25,Bug,Ожидание по запросу создания клиента превышает 10 секунд,,NBSS_TAILORED
Open,RMBSS-14745,4225845,,29/09/2025 14:04,Bug,"Изменить подход для выдачи прав пользователю admin, добавив прослойку в виде роли",,NBSS_TAILORED
Planning,RMBSS-14741,4238372,,06/10/2025 18:27,Bug,Возможное расхождение в аналитике CRAB-сценариев.,,Dmitry.Koptev
Information needed,RMBSS-14732,4234944,,03/10/2025 15:55,Bug,[НТ] CPM. Продукты не подключаются,,Ilya.Saskov
Information needed,RMBSS-14729,4234302,,03/10/2025 12:06,Bug,"[НТ] CPM. Не все заявки, дошедшие до стадии Подключения продуктов - прошли ее",,Ilya.Saskov
In Review,RMBSS-14719,4231974,,02/10/2025 10:43,Bug,"Главный поиск по номеру договора: договор найден, но нет прав на просмотр карточки договора",,Aleksandr.Artemov
Analyzing,RMBSS-14703,4229661,,01/10/2025 12:20,Bug,"Финансы-Предварительные счета: ошибка, нет возможности создать пред.счета",,NBSS_TORS
In Progress,RMBSS-14702,4229565,,01/10/2025 11:58,Bug,Постоянно включенная проверка на наличие активных ЛС с отрицательным/положительным балансом,,Aleksandr.Artemov
Open,RMBSS-14698,4227893,,30/09/2025 15:10,Bug,[НТ] Praim. Медленный http запрос 13_2_Создание_клиента_для_добавления_в_группу,,NBSS_PRAIM
Information needed,RMBSS-14697,4227765,,30/09/2025 14:29,Bug,[НТ] CPM. Медленные http запросы,,Ilya.Saskov
Information needed,RMBSS-14693,4227269,,30/09/2025 11:22,Bug,[НТ] CPM. Медленная регистрация заявки на продажу. На примере единичной заявки,,Ilya.Saskov
Information needed,RMBSS-14689,4225966,,29/09/2025 14:57,Bug,[НТ] CPM. Количество сохранений не соответствует целевому,,Ilya.Saskov
Information needed,RMBSS-14688,4225850,,29/09/2025 14:07,Bug,[НТ] CPM. Медленная регистрация заявки на продажу,,Ilya.Saskov
Open,RMBSS-14682,4225449,,29/09/2025 11:51,Bug,На карточке ШПР кнопка раскрытия информации о мере перекрывает название меры,,NBSS_NUS
Planning,RMBSS-14673,4224858,,28/09/2025 17:53,Bug,При обработке ТМЦ не обнаружен конфликт количества записей в WIM и файле,,Vladimir.Kobyakov
In Progress,RMBSS-14668,4224797,,28/09/2025 13:23,Bug,"Товар, принадлежащий к другой складской системе, обработан без конфликта",,Aleksey.Tribunsky
Open,RMBSS-14660,4223865,,26/09/2025 15:59,Bug,Не отображаются конфликты сегментов в заявке на перенос продуктов,,NBSS_NUS
Planning,RMBSS-14659,4223859,,26/09/2025 15:55,Bug,Отсутствие внятной информации о незаполненных полях для проверки РД,,NBSS_TAILORED
Analyzing,RMBSS-14628,4222073,,25/09/2025 14:48,Bug,Snake case в заключениях при генерации номера договора,,NBSS_TAILORED
Planning,RMBSS-14611,4221150,,24/09/2025 20:54,Bug,Файл с максимальным количеством ICC не обрабатывается в сценарии OSA,,Vladimir.Kobyakov
Planning,RMBSS-14610,4221109,,24/09/2025 19:17,Bug,Не отправлена нотификация оператору по итогу работы сценария обработки ТМЦ в OSA,,Vladimir.Kobyakov
Open,RMBSS-14609,4221107,,24/09/2025 19:09,Bug,Отсутствует файл с ошибкой из OSA,,Aleksey.Tribunsky
Open,RMBSS-14579,4218827,,23/09/2025 14:27,Bug,При создании иерархии ролей в CSM необходимо учесть порядок установки продуктов,,Andrey.Yefremov
Open,RMBSS-14523,4214768,,19/09/2025 15:29,Bug,Роль tailored_refdara create_consumers обращается к переменной по префиксу tailored_nbss,,NBSS_TAILORED
Open,RMBSS-14521,4214420,,19/09/2025 13:34,Bug,Не отображается ПП Интернет в офис при открытии окна Выбор продуктов,,NBSS_NUS
Open,RMBSS-14513,4213548,,18/09/2025 19:40,Bug,Не отображаются доступные продукты для замены при повторном открытии формы,,NBSS_NUS
In Review,RMBSS-14510,4213531,,18/09/2025 19:11,Bug,Не предзаполнено поле Технология при выборе ПП для смены основного ПП,,Marina.Lopatina
Open,RMBSS-14398,4207505,,15/09/2025 17:59,Bug,"Если Базовая цена не изменена, цена на форме все равно отмечена, как индивидуализированная",,NBSS_NUS
In Review,RMBSS-14394,4207435,,15/09/2025 16:56,Bug,Не выровнены элементы формы и поля ввода имеют разную высоту ,,Aleksandr.Lebedev
Analyzing,RMBSS-14387,4207355,,15/09/2025 16:13,Bug,"Отображается helpText атрибута ""Код авторизации"" на карточке клиента",,NBSS_NUS
In Progress,RMBSS-14370,4205240,,12/09/2025 14:33,Bug,Отсутствуют ТУЗ,,NBSS_TAILORED
Open,RMBSS-14369,4205171,,12/09/2025 14:06,Bug,Некорректное отображение времени в таблице истории изменений,,Aleksandr.Lebedev
Open,RMBSS-14327,4203289,,11/09/2025 11:53,Bug,Описание роли не соответствует наименованию,,NBSS_NUS
Analyzing,RMBSS-14326,4203280,,11/09/2025 11:44,Bug,Описание роли не соответствует наименованию,,NBSS_NUS
Open,RMBSS-14276,4199537,,08/09/2025 18:47,Bug,"При редактировании точки продаж не заполнено поле ""Код точки""",,NBSS_NUS
Open,RMBSS-14273,4199352,,08/09/2025 17:03,Bug,"Формы ""Связанные операции"". Не учитываются типы корректировок",,NBSS_UDB
Open,RMBSS-14270,4198843,,08/09/2025 13:03,Bug,Некорректное сообщение после проверки конфигурации при необходимости проверить тех. возможность,,NBSS_NUS
In Review,RMBSS-14248,4197214,,05/09/2025 17:45,Bug,Дублирование параметров APPL_CODE=api_gateway&LOGIN=Admin в логе nlm-task-executor,,Artem.Smirnov
Analyzing,RMBSS-14244,4196916,,05/09/2025 14:56,Bug,Периодическая ошибка при обновлении баланса на вкладке Финансы в NUS,,NBSS_NUS
Analyzing,RMBSS-14239,4196806,,05/09/2025 14:00,Bug,Некорректный код действия над ресурсом,,NBSS_NUS
Planning,RMBSS-14147,4193367,,03/09/2025 10:18,Bug,Переоформление. Некорректная привязка загруженных документов,,Yury.Shalonin
Open,RMBSS-14122,4191598,,02/09/2025 10:22,Bug,Некорректное время окончания выполнения тех. заказа,,NBSS_NUS
Open,RMBSS-14116,4190863,,01/09/2025 17:14,Bug,Некорректная верстка списка на форме Скидки/доначисления,,NBSS_NUS
Analyzing,RMBSS-14105,4190251,,01/09/2025 12:15,Bug,Неверное формирование корректировочных счетов-фактур,,N.Svetlichnaya
Open,RMBSS-14066,4188248,,29/08/2025 14:53,Bug,Переоформление. Некорректный бланк-заказа для доп соглашения,,NBSS_TAILORED
Analyzing,RMBSS-14055,4186938,,28/08/2025 20:35,Bug,Ошибка расчета НДС при создании корректировки счета-фактуры с формы счета-фактуры,,NBSS_NUS
Analyzing,RMBSS-14051,4186774,,28/08/2025 18:19,Bug,Некорректный текст сообщения в поиске клиента/абонента,,NBSS_NUS
In Review,RMBSS-14045,4186562,,28/08/2025 16:34,Bug,"При автоматическом согласовании ""Договор/ДС"" договор переходит в действующий статус при отсутствии подписанта со стороны оператора и клиента",,NBSS_NUS
Open,RMBSS-14044,4186519,,28/08/2025 16:15,Bug,"При допродаже опции, не требующей доконфигурирования, не работает автопродажа",,NBSS_NUS
Analyzing,RMBSS-14031,4186110,,28/08/2025 13:38,Bug,Ползет таблица при просмотре версии схемы налогообложения,,NBSS_NUS
Analyzing,RMBSS-13985,4182288,,26/08/2025 11:10,Bug,Ошибка при переносе баланса с конвертацией,,NBSS_NUS
Open,RMBSS-13984,4182217,,26/08/2025 10:40,Bug,Выравнивание Аналитики конфигурации ПП PSC.  ,,NBSS_TAILORED
Open,RMBSS-13959,4181412,,25/08/2025 17:30,Bug,Требуется обновить страницу для обновления основных данных подразделения,,NBSS_NUS
Open,RMBSS-13941,4180634,,25/08/2025 11:34,Bug,Не учитывается регион при выборе ПП для замены,,NBSS_NUS
In Review,RMBSS-13923,4177028,,21/08/2025 16:55,Bug,На правилах CPM отображающихся в ошибках NBSS_PORTAL должны быть заполнены подсказки оператору,,NBSS_TAILORED
Open,RMBSS-13901,4176379,,21/08/2025 11:31,Bug,Ошибки Конфигурирования по результатам демо E2E 21 Маскирование,,Valeriya.Vasilyeva
In Review,RMBSS-13900,4176377,,21/08/2025 11:30,Bug,Ошибки ПМИ по результатам демо E2E 21 Маскирование,,Konstantin.Zorin
Open,RMBSS-13899,4175544,,20/08/2025 18:13,Bug,Не отображаются выставленные фильтры в продуктовом профиле,,NBSS_NUS
In Progress,RMBSS-13895,4175323,,20/08/2025 16:23,Bug,"Корректировки: неверное поле ""Корректируемый СФ"" при выборе счёта-фактуры",,Aleksandr.Lebedev
Open,RMBSS-13894,4175281,,20/08/2025 16:08,Bug,Невалидная ссылка у рассрочки на форме конфликтов в расторжении договора,,NBSS_NUS
Open,RMBSS-13892,4175119,,20/08/2025 14:59,Bug,Форма на отключение не закрывается после сохранения,,NBSS_NUS
Open,RMBSS-13872,4174571,,20/08/2025 10:41,Bug,Не обновляется количество попыток авторизации по коду авторизации,,NBSS_NUS
Analyzing,RMBSS-13866,4174520,,20/08/2025 10:20,Bug,Ограничение на портале NBSS для поиска по ID APN в HLR в 3 символа,,NBSS_NUS
Open,RMBSS-13864,4174510,,20/08/2025 10:18,Bug,Некорректное отображение адресов неавторизованного клиента,,NBSS_NUS
Open,RMBSS-13843,4173911,,19/08/2025 17:50,Bug,Не обновляется карточка ЛС/подразделения после редактирования ,,NBSS_NUS
In Review,RMBSS-13840,4173794,,19/08/2025 17:02,Bug,Некорректно указан activityCode при передаче заявки далее по маршруту,,Dmitry.Ushakov
Planning,RMBSS-13835,4173693,,19/08/2025 16:21,Bug,"Пустой справочник типов адресов, доступных для добавления СЛ и подразделению",,Yury.Shalonin
Analyzing,RMBSS-13828,4173368,,19/08/2025 14:16,Bug,Ошибка создания заявки для предоставления РПД,,NBSS_TAILORED
Analyzing,RMBSS-13821,4172923,,19/08/2025 11:13,Bug,"Неактивна кнопка ""Передать"" на теме заявки Расторжение договора",,NBSS_NUS
In Review,RMBSS-13819,4172329,,18/08/2025 20:19,Bug,В LIS нет поиска товара по серийному номеру,,Ilya.Saskov
Analyzing,RMBSS-13804,4172033,,18/08/2025 16:14,Bug,Неверный стандарт при бронировании номера для стационарной телефонной связи в бандле,,NBSS_NUS
Open,RMBSS-13801,4171982,,18/08/2025 15:41,Bug,На UI не понятно какой ШПР будет автоматически назначен на долговой профиль при начале работы с долгом,,NBSS_DMS
In Review,RMBSS-13779,4170569,,17/08/2025 18:14,Bug,Причина расторжения договора отсутствует на карточке договора,,NBSS_NUS
Analyzing,RMBSS-13761,4170202,,16/08/2025 18:19,Bug,При создании заявки на перенос продуктоа на другой ЛС не выбирается автоматически Договор источник,,NBSS_NUS
Open,RMBSS-13752,4170143,,16/08/2025 15:14,Bug,Бронирование номеров - смена номера с другим коммутатором работает не корректно,,NBSS_NUS
Open,RMBSS-13748,4170112,,16/08/2025 12:59,Bug,Тип передачи при замене оборудования - Sale/Rent вместо Продажа/Аренда,,NBSS_NUS
Planning,RMBSS-13702,4169091,,15/08/2025 12:36,Bug,2025_08_15_Конф-ция PSC: разделение оборудования на два ,,NBSS_TAILORED
Analyzing,RMBSS-13694,4168588,,15/08/2025 08:51,Bug,Не очищаются лицевые счета при смене договора,,Aleksandr.Lebedev
In Review,RMBSS-13691,4168243,,14/08/2025 20:04,Bug,Кеширование полей при создании корректировки (от старых корр),,Yevgeny.Mazhara
Open,RMBSS-13686,4168183,,14/08/2025 18:14,Bug,Пустая форма Кошельки,,NBSS_NUS
Open,RMBSS-13657,4167569,,14/08/2025 13:25,Bug,Некорректное отображение сегментов при сравнении версий ШПР,,NBSS_DMS
Open,RMBSS-13633,4166034,,13/08/2025 13:16,Bug,Лишний пробел в сообщении об ошибке при совпадении Статусов графов или переходов,,NBSS_NUS
Open,RMBSS-13612,4165148,,12/08/2025 17:59,Bug,Нет окна подтверждения Отключения ПП,,NBSS_NUS
Analyzing,RMBSS-13609,4165041,,12/08/2025 17:01,Bug,"Для номера телефона доступен для редактирования ""Тип нумерации""",,NBSS_LIS
Planning,RMBSS-13587,4164045,,12/08/2025 09:29,Bug,Отсутствует связка обращения с целевым договором,,Yelena.Tyurina
Analyzing,RMBSS-13584,4163452,,11/08/2025 16:44,Bug,При выборе продукта не отображаются монопродукты входящие в бандл,,NBSS_TAILORED
Open,RMBSS-13581,4163327,,11/08/2025 15:36,Bug,tariffMeasurement/measuringMethod изменение значений характеристик ,,NBSS_TAILORED
Planning,RMBSS-13572,4162917,,11/08/2025 12:08,Bug,Отсутствует поясняющее название фильтра дат для налогов и схем налогообложения,,NBSS_NUS
In Review,RMBSS-13530,4160140,,07/08/2025 17:26,Bug,Платеж отображается с суммой 0 после сохранения в биллинг из uniblp,,Yuliya.Lovkacheva
Planning,RMBSS-13528,4159921,,07/08/2025 15:56,Bug,Не обновляется список доступных действий по корректировкам,,NBSS_NUS
Open,RMBSS-13525,4159723,,07/08/2025 14:07,Bug,Некорректные атрибуты системной проблемы,,Yuliya.Lovkacheva
Open,RMBSS-13517,4159381,,07/08/2025 11:29,Bug,После отключения продукта абонент отображается в ППК,,NBSS_NUS
Open,RMBSS-13516,4159371,,07/08/2025 11:25,Bug,При отключении продукта на форме создания заявки не заполнены некоторые поля,,NBSS_NUS
Open,RMBSS-13486,4158080,,06/08/2025 13:02,Bug,Неверные атрибуты на карточке продукта при выборе продукта,,NBSS_TAILORED
In Progress,RMBSS-13481,4157991,,06/08/2025 12:15,Bug,Агрегация начислений и доначислений/скидок в билл. счете,,Vera.Krulikovskaya
Analyzing,RMBSS-13431,4153098,,01/08/2025 17:26,Bug,Некорректное создание шаблона с мерой Не беспокоить,,NBSS_DMS
Analyzing,RMBSS-13425,4152822,,01/08/2025 15:04,Bug,Не на всех карточках оборудования выводится тип передачи,,NBSS_TAILORED
Analyzing,RMBSS-13423,4152802,,01/08/2025 14:47,Bug,Не отображается остаток оборудования,,NBSS_NUS
Analyzing,RMBSS-13422,4152780,,01/08/2025 14:30,Bug,"Точки продаж пользователей ""убегают""",,NBSS_NUS
Analyzing,RMBSS-13419,4152633,,01/08/2025 13:07,Bug,Отсутствует валидация критериев поиска клиента,,NBSS_TAILORED
Open,RMBSS-13403,4151230,,31/07/2025 13:45,Bug,Не отображается цветовой индикатор статуса закрытого договора на вкладке Обзор,,NBSS_NUS
Open,RMBSS-13395,4149896,,30/07/2025 16:57,Bug,Не появляется сообщение об ошибке конфигурации при наличии конфликтующих опций в бандле,,NBSS_NUS
Open,RMBSS-13364,4148678,,30/07/2025 03:09,Bug,Процесс подписания договора не атомарен,,NBSS_NUS
Open,RMBSS-13361,4148622,,30/07/2025 00:35,Bug,"Не отображается Дата расторжения договора, в случае если она Бессрочна",,NBSS_NUS
Open,RMBSS-13359,4148613,,30/07/2025 00:17,Bug,Различие цветовой палитры статусной модели договора,,NBSS_NUS
Open,RMBSS-13358,4148609,,29/07/2025 23:57,Bug,Заполнение Даты подписания при создании Договора,,Aleksandr.Lebedev
Open,RMBSS-13300,4144119,,25/07/2025 17:51,Bug,Оповещение потребителей о переезде на новый картридж,,Andrey.Yefremov
Open,RMBSS-13299,4144116,,25/07/2025 17:47,Bug,Переезд id-generator из RM в NBSS,,NBSS_TAILORED
Analyzing,RMBSS-13289,4143604,,25/07/2025 13:21,Bug,Данные после редактирования ЛС не обновляются без обновления страницы,,NBSS_NUS
Open,RMBSS-13283,4142470,,24/07/2025 15:39,Bug,При попытке замены продукта не находятся пп,,Aleksandr.Lebedev
Open,RMBSS-13277,4142301,,24/07/2025 14:13,Bug,"Лишнее обновление шага ""Управление составом заказа""",,NBSS_NUS
Analyzing,RMBSS-13274,4141896,,24/07/2025 11:26,Bug,продажа выполняется с ресурсами не соответствующего коммутатора,,NBSS_TAILORED
Analyzing,RMBSS-13211,4136383,,18/07/2025 20:37,Bug,Не стартует Lis на tomcat версии 8.4.0,,NBSS_LIS
Open,RMBSS-13196,4135814,,18/07/2025 13:26,Bug,В NBSS 2.1.0 потеряна функциональность по Экспресс ПТВ,,NBSS_TAILORED
Analyzing,RMBSS-13179,4134840,,17/07/2025 19:05,Bug,"Нет подсказки при попытке удалить ""Адрес регистрации""",,NBSS_NUS
Analyzing,RMBSS-13130,4127900,,11/07/2025 18:06,Bug,При создание ЮЛ отображаются ненужные поля,,Aleksandr.Lebedev
Analyzing,RMBSS-13107,4125976,,10/07/2025 15:41,Bug,Необходимо убрать выбор по умолчанию типа корректировки при добавлении корректировки,,NBSS_NUS
Analyzing,RMBSS-13066,4120571,,07/07/2025 14:37,Bug,Роли E2E_53 Управление кредитным порогом клиента,,Nikolay.Golubev
Open,RMBSS-13063,4119423,,07/07/2025 08:49,Bug,"Результат пройденной тарификации не отображается - ПП на вкладке ""Продукты""",,NBSS_TAILORED
Analyzing,RMBSS-13045,4118718,,05/07/2025 12:53,Bug,Ошибка при открытии РПД с карточки клиента,,Anna.Markova
In Progress,RMBSS-12779,4104885,,25/06/2025 11:16,Bug,Опечатка на форме создания корректировки,,NBSS_UDB
Open,RMBSS-12742,4101841,,23/06/2025 12:42,Bug,Справочник currencies не содержит нужных ограничений,,NBSS_TAILORED
Analyzing,RMBSS-12714,4100877,,21/06/2025 19:05,Bug,"Не исчезает уведомление ""Не заполнены характеристики"" у бандла",,NBSS_NUS
Analyzing,RMBSS-12663,4100272,,20/06/2025 15:23,Bug,/openapi/v1/attribute-service/entityTypes/{entityTypeCode}/entities/{entityId}/values/history/search: Несоответствие структуры выходного объекта описанию.,,NBSS_ATS
Open,RMBSS-12616,4096849,,18/06/2025 19:13,Bug,Ролевая модель  TEST_E2E_62_B2BSales_Manage  Ошибка прав при создании договора,,NBSS_TAILORED
Open,RMBSS-12615,4096842,,18/06/2025 19:05,Bug,Ролевая модель  TEST_E2E_62_B2BSales_Manage  Ошибка прав при открытии меню Клиент > договоры,,NBSS_TAILORED
Open,RMBSS-12614,4096838,,18/06/2025 18:58,Bug, Ролевая модель  TEST_E2E_62_B2BSales_Manage  Нет бокового меню для создания продажи,,NBSS_TAILORED
In Progress,RMBSS-12613,4096813,,18/06/2025 18:31,Bug,Доступна кнопка подписания договора для клиента с неподтвержденными РД,,Ivan.Shirokoryad
Open,RMBSS-12612,4096802,,18/06/2025 18:21,Bug,Ролевая модель  TEST_E2E_62_B2BSales_Manage  Создание клиента B2B ошибка ЧПН,,NBSS_TAILORED
Open,RMBSS-12611,4096795,,18/06/2025 18:13,Bug, Ролевая модель  TEST_E2E_62_B2BSales_Manage  Лишнее: Создание клиента B2C,,NBSS_TAILORED
Analyzing,RMBSS-12585,4096389,,18/06/2025 14:20,Bug,"На ПП ""Скоростной уют"" проверка конфигурации проходит без ошибок, но ресурсы не заполнены",,NBSS_TAILORED
Open,RMBSS-12566,4094981,,17/06/2025 15:30,Bug,NWM_RSC не заполняет справочник VolumeUnits,,NBSS_TAILORED
Analyzing,RMBSS-12562,4094814,,17/06/2025 14:16,Bug,Не активна кнопка 'Переместить' при Возврате на ГС,,NBSS_LIS
In Review,RMBSS-12557,4094570,,17/06/2025 11:50,Bug,Неверно расчитывается сумма налога в СФ,,Marina.Lopatina
Analyzing,RMBSS-12538,4093497,,16/06/2025 15:36,Bug,Отображение чекбоксов на форме биллинга по корректировкам,,NBSS_NUS
Open,RMBSS-12510,4092203,,14/06/2025 15:46,Bug,Отсутствует наполнение формы Добавление блокировки,,NBSS_NUS
Analyzing,RMBSS-12504,4092188,,14/06/2025 14:30,Bug,Лоадеры на форме бронирования ресурсов исчезают раньше выполнения,,Stepan.Usov
Analyzing,RMBSS-12483,4092118,,14/06/2025 10:30,Bug,Некорректный вид сообщения о заказе РПД,,Stepan.Usov
In Review,RMBSS-12481,4092114,,14/06/2025 10:13,Bug,Некорректный вид формы создания связанного лица,,Yevgeny.Mazhara
Analyzing,RMBSS-12327,4087285,,08/06/2025 16:23,Bug,При открытии формы Редактирование лицевого счета Порог отключения не отображается,,NBSS_NUS
Analyzing,RMBSS-12321,4087234,,08/06/2025 13:54,Bug,Не работает фильтр по номеру линии в расширенном поиске клиента,,NBSS_NUS
Analyzing,RMBSS-12289,4086430,,06/06/2025 16:31,Bug,Некорректное отображение сообщений при запуске/откате биллинга,,NBSS_NUS
Open,RMBSS-12268,4085775,,06/06/2025 11:51,Bug,Значение макрорегиона МФ в справочнике SSO,,NBSS_SSO
Analyzing,RMBSS-12251,4085014,,05/06/2025 17:07,Bug,Кривое расположение элементов на интерфейсе Системные проблемы,,NBSS_TAILORED
Open,RMBSS-12224,4083917,,05/06/2025 08:07,Bug,Ошибка при попытке изменить адрес клиента,,Yuliya.Lovkacheva
Open,RMBSS-12174,4081117,,03/06/2025 11:11,Bug,"[NBSS_Portal] Не работает кнопка ""Выгрузить в XLS""",,NBSS_NUS
In Review,RMBSS-12145,4079230,,02/06/2025 09:00,Bug,ПП Sim-карта на замену недоступна для продажи B2B,,Aleksandr.Fayustov
Open,RMBSS-11977,4074526,,28/05/2025 13:58,Bug,Не соответствует заголовок формы,,NBSS_NUS
In Review,RMBSS-11976,4074525,,28/05/2025 13:57,Bug,[НТ] Не работает смена ПП,,NBSS_TAILORED
Open,RMBSS-11795,4070719,,26/05/2025 13:33,Bug,Поиск по абоненту с персональным счетом не отображает физическое лицо,,NBSS_TAILORED
Open,RMBSS-11790,4070397,,26/05/2025 10:52,Bug,Платеж по абоненту не учитывается на приоритетном ЛС,,NBSS_TAILORED
Analyzing,RMBSS-11786,4070192,,26/05/2025 09:06,Bug,1440: Невозможно выставить дату активации продукта в продаже,,NBSS_TAILORED
In Review,RMBSS-11785,4070160,,26/05/2025 08:52,Bug,1440: Невозможно добавить опции в процессе продажи,,Alina.Denisenko
Analyzing,RMBSS-11753,4068448,,23/05/2025 12:29,Bug,Форма назначения билл скидки позволяет пройти дальше без заполнения шаблона,,NBSS_NUS
Open,RMBSS-11718,4066368,,22/05/2025 11:53,Bug,NLM_UI: подстановка закэшированных значений предыдущих параметров,,Aleksandr.Lebedev
Open,RMBSS-11717,4066321,,22/05/2025 11:38,Bug,NLM_UI: Не открывается форма История изменения параметра,,Aleksandr.Lebedev
Open,RMBSS-11716,4066277,,22/05/2025 11:25,Bug,NLM_UI: Некорректный вызов parameterValue/change,,Aleksandr.Lebedev
Open,RMBSS-11677,4063493,,20/05/2025 19:36,Bug,NLM_UI: Не отображается наименование статуса записи,,Aleksandr.Lebedev
Open,RMBSS-11676,4063471,,20/05/2025 19:02,Bug,NLM_UI: Некорректное отображение элементов на форме,,Aleksandr.Lebedev
Open,RMBSS-11629,4060508,,19/05/2025 12:14,Bug,Съехала сетка при отображении опций в подуктах заказа,,NBSS_NUS
Open,RMBSS-11580,4057967,,16/05/2025 14:38,Bug,Нет сортировки на форме конфликтов,,Alexander.Kosov
Analyzing,RMBSS-11571,4056822,,15/05/2025 18:25,Bug,Нет проливки информации об изменениях данных о конечном пользователе,,NBSS_TAILORED
Open,RMBSS-11549,4055870,,15/05/2025 11:30,Bug,1440: Уточнение текста ошибки при задании в прошлом даты окончания действия документа,,Aleksandr.Lebedev
Open,RMBSS-11508,4052414,,13/05/2025 14:22,Bug,Предзаполнение фильтров в расширенном поиске ,,Nikolay.Ryazantsev
In Review,RMBSS-11462,4047243,,06/05/2025 20:43,Bug,Добавленный бандл с использованием существующего тела не отображается при продаже,,Marina.Lopatina
Open,RMBSS-11435,4042806,,30/04/2025 15:40,Bug,[НТ] В EMON не отображаются метрики CPM,,Ivan.Makeyenok
Planning,RMBSS-11424,4042026,,30/04/2025 09:50,Bug,[НТ] Медленная работа NBSS при создании заявок на продажу B2B,,Ilya.Saskov
In Review,RMBSS-11415,4041025,,29/04/2025 14:56,Bug,В конфигурации нет  услуги входящих СМС ,,NBSS_TAILORED
Analyzing,RMBSS-11414,4040900,,29/04/2025 13:47,Bug,"Блокировка в статусе ""заказано подключение""",,Aleksandr.Shtyb
Analyzing,RMBSS-11403,4039772,,28/04/2025 17:24,Bug,Ошибка ЧПН при добавлении существующего физ. клиента в Конечного пользователя Абоненту (клиент существует),,NBSS_TAILORED
In Review,RMBSS-11373,4037594,,25/04/2025 17:32,Bug,Не работает входящая связь ,,Semyon.Salnikov
Planning,RMBSS-11371,4037525,,25/04/2025 16:55,Bug,"Не тарифицируется интернет  трафик при исчерпании объема ПП ""На связи"" ",,NBSS_TAILORED
In Progress,RMBSS-11364,4037230,,25/04/2025 14:28,Bug,Механизм частичного переповтора используется не везде в Продаже,,Andrey.Yefremov
Analyzing,RMBSS-11341,4036034,,24/04/2025 19:45,Bug,[НТ] В Emon необходимо отказаться от использования lastlog NginxBe,,Vyacheslav.Koshkin
In Progress,RMBSS-11332,4035553,,24/04/2025 14:27,Bug,Ошибка синхронизации справочников типа REPLICA с мастер-системой,,NBSS_TAILORED
In Progress,RMBSS-11328,4035377,,24/04/2025 13:26,Bug,Заявка на продажу бандла завершается с ошибкой,,NBSS_TAILORED
Analyzing,RMBSS-11276,4031906,,22/04/2025 15:23,Bug,Утечка сокетов на Tomcat DATA_BUILD,,Anna.Markova
Analyzing,RMBSS-11186,4027716,,18/04/2025 19:17,Bug,PRAIM 1.2.0. Нет метрик работы продукта при проверке в EMON (grafana),,Aleksey.Batayev
Analyzing,RMBSS-11185,4027711,,18/04/2025 18:58,Bug,PRAIM 1.2.0. Требуются дополнительные возможности логирования и метрики мониторинга для контроля функциональности сервиса,,Aleksey.Batayev
Open,RMBSS-11183,4027624,,18/04/2025 17:28,Bug,NLM 1.2.1. Логирование не соответствует документации,,Polina.Vostrikova
Open,RMBSS-11181,4027586,,18/04/2025 17:05,Bug,NLM 1.2.1. Требуются дополнительные возможности логирования и метрики мониторинга для контроля функциональности сервиса,,Polina.Vostrikova
Open,RMBSS-11177,4027381,,18/04/2025 15:17,Bug,NLM 1.2.1. В дистрибутиве отсутствуют файлы описания метрик EMON  ,,Polina.Vostrikova
Open,RMBSS-11176,4027344,,18/04/2025 15:00,Bug,"NLM 1.2.1. Не реализован п. 2.8.1 и п. 2.8.2 МИ ""Обеспечение мониторинга""",,Polina.Vostrikova
Analyzing,RMBSS-11111,4023310,,16/04/2025 13:31,Bug,Ошибка при получении списка кошельков,,NBSS_NUS
Analyzing,RMBSS-11100,4023220,,16/04/2025 12:48,Bug,NORD. Не описано логирование и способы управления им для расширений,,NBSS_NORD
Analyzing,RMBSS-11099,4023154,,16/04/2025 12:19,Bug,CLICKHOUSE.Наличие файлов *.emon.json,,A.Vasilyev
Analyzing,RMBSS-11097,4023143,,16/04/2025 12:13,Bug,NORD. п. 2.8.1 МИ Обеспечение мониторинга не реализован,,NBSS_NORD
Analyzing,RMBSS-11092,4021641,,15/04/2025 13:42,Bug,"REFDATA, отсутствие метрик в графана",,NBSS_EMON
Analyzing,RMBSS-11091,4021621,,15/04/2025 13:39,Bug,"REFDATA, API-сервер: не реализован",,NBSS_REFDATA
Analyzing,RMBSS-11080,4021079,,15/04/2025 09:48,Bug,Не получается переоткрыть заявку,,NBSS_NUS
Open,RMBSS-11079,4020977,,15/04/2025 08:52,Bug,PASS 1.5.3 Предложения по метрикам мониторинга,,Ihar.Kadol
Open,RMBSS-11078,4020913,,15/04/2025 07:34,Bug,PASS 1.5.3 Недостаточно описаны файлы *.emon.json в документации,,Ihar.Kadol
Open,RMBSS-11061,4020306,,14/04/2025 16:21,Bug,"Не заполняется ""technologies"" в ответе по Мобильной связи абонента",,NBSS_TAILORED
In Review,RMBSS-11041,4017982,,11/04/2025 17:41,Bug,[NBR]: Liveness&Readiness probes утилизируют все доступное CPU,,Oleg.Bureyko
Analyzing,RMBSS-11034,4017719,,11/04/2025 15:28,Bug,Отличаются префиксы в названиях документов биллинга,,Dmitry.Shiryayev
Analyzing,RMBSS-10998,4015554,,10/04/2025 12:55,Bug,Создание нового шаблона биллинговой скидки и доначисления (ввод периода действия)),,NBSS_NUS
Analyzing,RMBSS-10987,4015361,,10/04/2025 11:01,Bug,Создание шаблона по доначислению (биллинговые скидки),,NBSS_NUS
Analyzing,RMBSS-10964,4014636,,10/04/2025 00:08,Bug,VMS не выгружаются метрики,,NBSS_VMS
Analyzing,RMBSS-10963,4014634,,10/04/2025 00:04,Bug,VMS нет уровня FATAL,,NBSS_VMS
Analyzing,RMBSS-10962,4014633,,10/04/2025 00:02,Bug,VMS дополнить документацию по логированию,,NBSS_VMS
Analyzing,RMBSS-10961,4014631,,09/04/2025 23:58,Bug,PM перенос метрики в prometheus,,NBSS_PM
Analyzing,RMBSS-10959,4014629,,09/04/2025 23:53,Bug,PM дополнить описание логирования в Kubernetes,,NBSS_PM
Analyzing,RMBSS-10958,4014624,,09/04/2025 23:50,Bug,FPM перенос метрики в prometheus,,NBSS_FPM
Analyzing,RMBSS-10957,4014623,,09/04/2025 23:46,Bug,FPM Нет уровня FATAL,,Olga.Pashnina
Analyzing,RMBSS-10956,4014622,,09/04/2025 23:42,Bug,FPM дополнить документацию по логированию,,NBSS_FPM
Analyzing,RMBSS-10917,4011888,,08/04/2025 15:13,Bug,Архитектура CRAB-сценариев: NBSS.DS.CRAB УПК. Общий технический заказ,,NBSS_TAILORED
Analyzing,RMBSS-10916,4011887,,08/04/2025 15:13,Bug,Архитектура CRAB-сценариев: NBSS.DS.CRAB УПК. Отключение сервисов абонента,,NBSS_TAILORED
Analyzing,RMBSS-10915,4011886,,08/04/2025 15:12,Bug,Архитектура CRAB-сценариев: NBSS.DS.CRAB УПК. Отключение ресурсов абонента,,NBSS_TAILORED
Analyzing,RMBSS-10914,4011880,,08/04/2025 15:11,Bug,Архитектура CRAB-сценариев: NBSS.DS.CRAB УПК. Отключение продуктов абонента,,NBSS_TAILORED
Analyzing,RMBSS-10913,4011871,,08/04/2025 15:10,Bug,Архитектура CRAB-сценариев: batchAsync,,NBSS_TAILORED
Analyzing,RMBSS-10911,4011869,,08/04/2025 15:09,Bug,Архитектура CRAB-сценариев: NBSS.DS.CRAB УПК. Изменение характеристик продуктов абонента,,NBSS_TAILORED
Analyzing,RMBSS-10909,4011865,,08/04/2025 15:08,Bug,Архитектура CRAB-сценариев: NBSS.DS.CRAB УПК. Подключение продуктов абонента,,NBSS_TAILORED
Analyzing,RMBSS-10907,4011859,,08/04/2025 15:06,Bug,Архитектура CRAB-сценариев: NBSS.DS.CRAB УПК. Подключение ресурсов абонента,,NBSS_TAILORED
Analyzing,RMBSS-10906,4011854,,08/04/2025 15:03,Bug,Архитектура CRAB-сценариев: Общие рекомендации,,NBSS_TAILORED
Open,RMBSS-10904,4011773,,08/04/2025 14:15,Bug,[NLM] Использование PATH в Groovy-скриптах,,NBSS_NLM
Analyzing,RMBSS-10893,4011582,,08/04/2025 13:12,Bug,Ревизия метрик UNIBLP,,NBSS_UNIBLP
Analyzing,RMBSS-10884,4011295,,08/04/2025 11:24,Bug,Ошибка при отображении подсказки для поля ввода во время создания рассрочки,,NBSS_NUS
Open,RMBSS-10871,4009829,,07/04/2025 14:55,Bug,Не работает оплата интернета с помощью ОП с комиссией,,Aleksandr.Sosnilo
Analyzing,RMBSS-10847,4007969,,04/04/2025 16:17,Bug,PSC UI: в json ПП не закрываются предыдущие значения характеристик на RS,,Svetlana.Tusinova
Open,RMBSS-10775,4005032,,03/04/2025 11:50,Bug,Ошибка при удалении значения необязательного дополнительного атрибута,,NBSS_NUS
Open,RMBSS-10756,4004706,,03/04/2025 09:25,Bug,PASS 1.5.3 Отсутствует описание метрик мониторинга,,Ihar.Kadol
Open,RMBSS-10744,4004010,,02/04/2025 17:35,Bug,ОП с коммиссией не подключается (не отображается в списке),,NBSS_FPM
Open,RMBSS-10737,4003787,,02/04/2025 15:44,Bug,CRAB 9.19. п. 2.8.1 МИ Обеспечение мониторинга не реализован,,NBSS_CRAB
Open,RMBSS-10732,4003592,,02/04/2025 14:51,Bug,OSA 4.10.0 Отсутствует интеграция с ELOG,,NBSS_OSA
Open,RMBSS-10726,4003310,,02/04/2025 12:43,Bug,"SSO 10.11.0. Метрики, необходимость которых зависит от функциональности сервиса",,Dmitriy.Stefanov
Open,RMBSS-10725,4003308,,02/04/2025 12:42,Bug,"SSO 10.11.0. Метрики, обязательные для всех сервисов",,NBSS_SSO
Open,RMBSS-10724,4003241,,02/04/2025 12:17,Bug,Отсутствует взаимодействие RE с EMON,,Vasiliy.Soloviev
In Progress,RMBSS-10723,4003226,,02/04/2025 12:13,Bug,Метрики мониторинга NBR,,NBSS_NBR
In Progress,RMBSS-10719,4003177,,02/04/2025 11:57,Bug,Отсутствие описание метрики в документации NBR,,NBSS_NBR
Open,RMBSS-10715,4002966,,02/04/2025 10:44,Bug,SSO 10.11.0 - уровень журналирования,,Dmitriy.Stefanov
Open,RMBSS-10698,4002928,,02/04/2025 10:34,Bug,API_GATEWAY 3.6.1. Отсутствует интеграция с ELOG,,NBSS_API_GW
Open,RMBSS-10697,4002851,,02/04/2025 10:09,Bug,CNC. Отсутствует интеграция с ELOG,,NBSS_CNC
Open,RMBSS-10695,4002777,,02/04/2025 09:37,Bug,PASS 1.5.3 Отсутствует описание интеграции с Elog,,Ihar.Kadol
Analyzing,RMBSS-10693,4002592,,02/04/2025 07:40,Bug,CLICKHOUSE. п. 2.8.1 МИ Обеспечение мониторинга не реализован,,A.Vasilyev
Analyzing,RMBSS-10692,4002589,,02/04/2025 07:32,Bug,NORD. п. 2.8.1 МИ Обеспечение мониторинга не реализован,,NBSS_NORD
Analyzing,RMBSS-10691,4002582,,02/04/2025 07:27,Bug, DLM. п. 2.8.1 МИ Обеспечение мониторинга не реализован,,NBSS_DLM
Open,RMBSS-10686,4002209,,01/04/2025 21:43,Bug,"API_GATEWAY 3.6.1. Метрики, необходимость которых зависит от функциональности сервиса",,NBSS_API_GW
Open,RMBSS-10685,4002207,,01/04/2025 21:42,Bug,"API_GATEWAY 3.6.1. Метрики, обязательные для всех сервисов",,NBSS_API_GW
Open,RMBSS-10684,4002204,,01/04/2025 21:33,Bug,API_GATEWAY 3.6.1. Отсутствует раздел 2.4.2. Документация,,NBSS_API_GW
Open,RMBSS-10683,4002147,,01/04/2025 19:44,Bug,DMS. Отсутствуют обязательные метрики common.service и метрики по функциональности,,NBSS_DMS
Analyzing,RMBSS-10682,4002110,,01/04/2025 19:04,Bug,UDB. Отсутствуют обязательные метрики common.service,,Konstantin.Zorin
Analyzing,RMBSS-10644,4001899,,01/04/2025 17:00,Bug,NWM_RSC в документации не описана интеграция с ELOG,,Oleg.Podoprigora
Analyzing,RMBSS-10643,4001873,,01/04/2025 16:49,Bug,"ELOG 9.0.4 раздел ""мониторинг"" в документации не соответствует МИ",,NBSS_ELOG
Analyzing,RMBSS-10642,4001858,,01/04/2025 16:44,Bug,"ELOG 9.0.4 В документации отсутствует раздел ""журналирование""",,NBSS_ELOG
Analyzing,RMBSS-10641,4001850,,01/04/2025 16:42,Bug,ELOG 9.0.4 Отсутствуют файлы описания метрик в дистрибутиве,,NBSS_ELOG
Analyzing,RMBSS-10640,4001839,,01/04/2025 16:40,Bug,"EMON 2.5.3 В документации отсутствует раздел ""журналирование""",,NBSS_EMON
Analyzing,RMBSS-10639,4001821,,01/04/2025 16:37,Bug,EMON 2.5.3 Отсутствуют файлы описания метрик в дистрибутиве,,NBSS_EMON
Analyzing,RMBSS-10638,4001795,,01/04/2025 16:30,Bug,"EMON 2.5.3 В документации отсутствует раздел ""мониторинг""",,NBSS_EMON
Open,RMBSS-10626,4001679,,01/04/2025 15:50,Bug,"OSA 4.10.0. Не реализован п. 2.8.2 МИ ""Обеспечение мониторинга"" ",,NBSS_OSA
Open,RMBSS-10621,4001640,,01/04/2025 15:37,Bug,Отсутствие разделения на компоненты ,,NBSS_CNC
Open,RMBSS-10603,4001459,,01/04/2025 14:48,Bug,"PIC 4.13.3. Не реализован п. 2.8.1 и п. 2.8.2 МИ ""Обеспечение мониторинга"" ",,NBSS_PIC
Open,RMBSS-10600,4001411,,01/04/2025 14:27,Bug,PIC. Замечания к описанию метрик мониторинга в документации,,NBSS_PIC
Open,RMBSS-10599,4001369,,01/04/2025 14:15,Bug,CNC п.2.8.1 и п.2.8.2 МИ Обеспечение мониторинга - не реализован,,NBSS_CNC
Open,RMBSS-10598,4001327,,01/04/2025 14:05,Bug,Отсутствует описание раздела журналирования ,,NBSS_CNC
Analyzing,RMBSS-10479,4000896,,01/04/2025 12:17,Bug,CLICKHOUSE. Отсутствует интеграция с ELOG,,A.Vasilyev
Open,RMBSS-10389,4000446,,01/04/2025 10:13,Bug,EPM - несоответствия с МИ (обеспечение мониторинга),,NBSS_EPM
Open,RMBSS-10333,3999858,,01/04/2025 07:39,Bug,SAM 1.10.0 Отсутствует интеграция с ELOG,,NBSS_SAM
Open,RMBSS-10332,3999853,,01/04/2025 07:30,Bug,"SAM 1.10.0. Не реализован п. 2.8.1 МИ ""Обеспечение мониторинга"" ",,NBSS_SAM
Open,RMBSS-10329,3999817,,01/04/2025 06:25,Bug,OPENAPI_ESB. п. 2.8.1 МИ Обеспечение мониторинга не реализован,,Igor.Kutuzov
Open,RMBSS-10328,3999816,,01/04/2025 06:22,Bug,BULK_OPERATIONS. п. 2.8.1 МИ Обеспечение мониторинга не реализован,,Konstantin.Zorin
Open,RMBSS-10325,3999811,,01/04/2025 06:10,Bug,WPSEC. п. 2.8.1 МИ Обеспечение мониторинга  реализован частично,,NBSS_WPSEC
Open,RMBSS-10324,3999809,,01/04/2025 06:07,Bug,WPSEC. В wpsec_search_service отсутствуют логи формата jsonl,,NBSS_WPSEC
Open,RMBSS-10323,3999805,,01/04/2025 06:02,Bug,TOMCAT. п. 2.8.1 МИ Обеспечение мониторинга не реализован ,,NBSS_TOMCAT
Analyzing,RMBSS-10322,3999759,,01/04/2025 03:55,Bug, NORD. Отсутствует интеграция с ELOG,,NBSS_NORD
Analyzing,RMBSS-10321,3999751,,01/04/2025 03:21,Bug,DLM. Отсутствует интеграция с ELOG,,NBSS_DLM
Open,RMBSS-10301,3985715,,20/03/2025 18:03,Bug,NLM: Документация по кролику,,NBSS_NLM
Open,RMBSS-10299,3985734,,20/03/2025 18:10,Bug,NLM: Нет метрик работы продукта.,,NBSS_NLM
Open,RMBSS-10265,3999063,,31/03/2025 15:40,Bug,APACHE. п. 2.8.1 и п. 2.8.2  МИ Обеспечение мониторинга не реализован,,NBSS_APACHE
Open,RMBSS-10262,3999057,,31/03/2025 15:37,Bug,APACHE. Отсутствует интеграция с ELOG,,NBSS_APACHE
Open,RMBSS-10256,3998968,,31/03/2025 15:29,Bug,MBUS. п. 2.8.2 МИ Обеспечение мониторинга не реализован,,NBSS_MBUS
Open,RMBSS-10254,3998959,,31/03/2025 15:27,Bug,MBUS.  п. 2.8.1 МИ Обеспечение мониторинга не реализован,,NBSS_MBUS
Open,RMBSS-10251,3998940,,31/03/2025 15:19,Bug,MBUS. Отсутствует интеграция с ELOG,,NBSS_MBUS
Open,RMBSS-10250,3998934,,31/03/2025 15:15,Bug,KAFKA. п. 2.8.1 МИ Обеспечение мониторинга не реализован,,A.Vasilyev
Open,RMBSS-10249,3998922,,31/03/2025 15:13,Bug,KAFKA. Отсутствует интеграция с ELOG,,A.Vasilyev
Open,RMBSS-10248,3998906,,31/03/2025 15:08,Bug,NGINX. п.2.8.2 МИ Обеспечение мониторинга реализован с ошибками,,NBSS_NGINX
Open,RMBSS-10247,3998894,,31/03/2025 15:04,Bug,NGINX. п. 2.8.1 МИ Обеспечение мониторинга не реализован,,NBSS_NGINX
Open,RMBSS-10245,3998867,,31/03/2025 15:00,Bug,ZOOKEEPER. п. 2.8.1 МИ Обеспечение мониторинга не реализован,,NBSS_ZOOKEEPER
Open,RMBSS-10244,3998836,,31/03/2025 14:56,Bug,ZOOKEEPER. Файл zookeeper.server.emon.json ,,NBSS_ZOOKEEPER
Open,RMBSS-10243,3998802,,31/03/2025 14:49,Bug,ZOOKEEPER. Отсутствует интеграция с ELOG,,NBSS_ZOOKEEPER
Analyzing,RMBSS-10238,3998702,,31/03/2025 14:10,Bug,Неправильное сообщение при попытке добавления опции/блокировки на неактивный продукт,,NBSS_NUS
Open,RMBSS-10194,3998016,,31/03/2025 10:21,Bug,Не закрывается окно снятия блокировки после подтверждения,,NBSS_NUS
Open,RMBSS-10188,3996677,,28/03/2025 15:48,Bug,Информация о пагинации в теле запроса не учитывается,,NBSS_NUS
Planning,RMBSS-10167,3996052,,28/03/2025 11:22,Bug,"При подключении опции клиенту, у которого есть перс счет, на основной ЛС списания идут с перс счета",,NBSS_TAILORED
In Progress,RMBSS-10135,3993311,,26/03/2025 17:45,Bug,"Для проведения биллинга доступны корректировки, по которым нельзя провести биллинг",,NBSS_NUS
Analyzing,RMBSS-10102,3989394,,24/03/2025 18:06,Bug,Не меняется reportCode при редактировании шаблона документа,,NBSS_NUS
Analyzing,RMBSS-10072,3987260,,21/03/2025 19:44,Bug,После аннулирования платежа при автообновлении списка не меняется статус платежа,,NBSS_PM
Analyzing,RMBSS-10038,3985594,,20/03/2025 17:01,Bug,"Доступно добавление ОП с комиссией без абонента, которое приводит к ошибке",,NBSS_FPM
Open,RMBSS-10021,3983629,,19/03/2025 14:34,Bug,"Не работает форма ""Биржа немонетарных остатков""",,NBSS_NUS
Open,RMBSS-10018,3983617,,19/03/2025 14:28,Bug,Нельзя выставить на продажу Немонетарные балансы,,NBSS_TAILORED
Open,RMBSS-10015,3983594,,19/03/2025 14:11,Bug,Не отображается связанная претензия из детали счета,,NBSS_NUS
Open,RMBSS-10000,3983171,,19/03/2025 10:46,Bug,Нужно указать NF для маршрутов продажи и КЗ,,Andrey.Yefremov
Analyzing,RMBSS-9988,3981024,,17/03/2025 17:20,Bug,"На форме ""Реестры"" при нажатии кнопки ""Обновить"" не обновляется список",,NBSS_NUS
Analyzing,RMBSS-9966,3979366,,15/03/2025 13:31,Bug,"Логика формирование параметра ""Оплачено"" в биллинговом счете",,Georgiy.Kostin
Analyzing,RMBSS-9959,3979348,,15/03/2025 12:25,Bug,Вызов API по доступным действиям над ПП в контексте начислений,,NBSS_TAILORED
Analyzing,RMBSS-9952,3979331,,15/03/2025 11:32,Bug,Название адресного объекта вводится после типа,,NBSS_NUS
Analyzing,RMBSS-9940,3978469,,14/03/2025 12:29,Bug,Не отображаются расхождения между Итоговым и Рабочим реестрами,,NBSS_NUS
Analyzing,RMBSS-9916,3977038,,13/03/2025 13:02,Bug,Идентификатор Счёта-фактуры вместо номера при добавлении корректировки на СФ,,NBSS_UDB
In Review,RMBSS-9890,3974114,,11/03/2025 16:50,Bug,UDB: изменение налога клиента будущей датой в GUI,,Yevgeny.Mazhara
In Review,RMBSS-9867,3970528,,07/03/2025 19:23,Bug,[НТ] PASS partner-profile OapiException: null,,Maksim.Steshenko
Analyzing,RMBSS-9866,3970525,,07/03/2025 19:17,Bug,[НТ] PASS Object java.lang.IllegalStateException: Could not resolve parameter,,Georgiy.Kostin
Analyzing,RMBSS-9865,3970490,,07/03/2025 19:08,Bug,"[НТ] PASS  gateway, calculation-schemes, event-service, partner-profile - Failed to validate connection ",,Georgiy.Kostin
Analyzing,RMBSS-9864,3970482,,07/03/2025 18:58,Bug,[НТ] Nlm State Machine множественные ошибки в логах,,NBSS_TAILORED
Analyzing,RMBSS-9863,3970476,,07/03/2025 18:54,Bug,[НТ] Nlm scheduler ошибки при работе с БД,,NBSS_NLM
Analyzing,RMBSS-9862,3970470,,07/03/2025 18:48,Bug,[НТ] Nlm entity manager проблемы в работе с БД OptimisticLockingFailureException,,NBSS_NLM
Open,RMBSS-9858,3970416,,07/03/2025 17:19,Bug,[НТ] Epm ошибки в логах,,NBSS_TAILORED
Analyzing,RMBSS-9839,3969009,,06/03/2025 17:57,Bug,Ошибка при создании рассрочки без выбора задолженности,,Aleksandr.Lebedev
Planning,RMBSS-9835,3968772,,06/03/2025 15:31,Bug,"При переходе на форму ""Обещанные платежи"" начинается спам 500 статусов",,Ilya.Saskov
Information needed,RMBSS-9810,3965068,,04/03/2025 11:45,Bug,1440: Конфигурация PSC катится дампом,,Oleg.Simanov
Analyzing,RMBSS-9786,3962792,,03/03/2025 08:56,Bug,Сохраняется дата срока действия SIM на день меньше во вкладке Загрузка SIM-карт,,NKossakovskaya
Analyzing,RMBSS-9783,3961536,,28/02/2025 16:30,Bug,Проблемы установки кон-ции CNC когда открыта сессия редактирования карты информирования в cnc-,,Maksim.Vasilyev
Analyzing,RMBSS-9780,3961334,,28/02/2025 15:00,Bug,Миграция NBSS. Триггера в nbss,,NBSS_TAILORED
Analyzing,RMBSS-9747,3954746,,24/02/2025 21:52,Bug,ОСВ UI: не заполнены клиент и договор в списке выбранных ЛС,,Ilya.Mukhamedzhanov
Open,RMBSS-9722,3949855,,19/02/2025 16:33,Bug,При создании IMSI с частично повторным значением некорректное информационное сообщение и сообщение об ошибке,,NBSS_LIS
Analyzing,RMBSS-9566,3943156,,13/02/2025 20:55,Bug,Лишний запрос в нескольких формах биллинга,,NBSS_TAILORED
Analyzing,RMBSS-9549,3940447,,12/02/2025 15:31,Bug,Необходмо актуализировать базу данных PSC для NBSS,,NBSS_TAILORED
Analyzing,RMBSS-9548,3940446,,12/02/2025 15:31,Bug,Необходмо актуализировать OCSDB и RSCDB для NBSS,,NBSS_TAILORED
In Review,RMBSS-9459,3934023,,07/02/2025 10:55,Bug,Доработка логики по пред счетам,,Alexey.Pulatkin
In Review,RMBSS-9450,3933434,,06/02/2025 17:46,Bug,Просадка производительности отчётов DGS на реальных отчётах UDB,,NBSS_PERF
Analyzing,RMBSS-9436,3933072,,06/02/2025 14:52,Bug,Разные параметры редактирования номера и группы номеров в LIS,,Alexander.Korotaev
In Progress,RMBSS-9429,3932817,,06/02/2025 13:05,Bug,ОСВ UI: убрать мультиязычность из форм создания/редактирования документа,,Ilya.Mukhamedzhanov
Analyzing,RMBSS-9421,3932541,,06/02/2025 11:07,Bug,Нет возможности продать продукт без addressId,,Alexey.Pulatkin
Analyzing,RMBSS-9400,3930612,,05/02/2025 11:33,Bug,"""Компонент ""addressField"" не поддерживается"" в форме создания клиента в разделе доп. атрибутов",,NBSS_ATS
Analyzing,RMBSS-9386,3929378,,04/02/2025 19:14,Bug,"Не скрываются поля, относящиеся к справочникам, при выборе типа атрибута отличного от справочника в форме создания доп. атрибута",,NBSS_ATS
Analyzing,RMBSS-9385,3929353,,04/02/2025 19:00,Bug,Не все поля доп. атрибута автоматически заполняются при использовании шаблона,,NBSS_ATS
Analyzing,RMBSS-9341,3928496,,04/02/2025 11:55,Bug,Невозможно удалить маску при редактировании доп. атрибута,,NBSS_NUS
Analyzing,RMBSS-9328,3928171,,04/02/2025 09:52,Bug,"Зависает страница, не создаются новые номера через добавление файла с номерами ABC",,Alexander.Korotaev
Analyzing,RMBSS-9325,3927716,,03/02/2025 19:26,Bug,"Сбрасывается ""Тип атрибута на интерфейсе"" при выборе типа атрибута в форме создания доп. атрибута",,NBSS_NUS
Analyzing,RMBSS-9324,3927624,,03/02/2025 18:09,Bug,Некорректная работа сортировки доп. атрибутов,,NBSS_TAILORED
Analyzing,RMBSS-9301,3925089,,31/01/2025 17:59,Bug,"Ошибка ""Не задано значение обязательного атрибута"" при создании клиента с нередактируемым доп. атрибутом",,NBSS_TAILORED
Analyzing,RMBSS-9297,3925012,,31/01/2025 16:58,Bug,Нет сообщения об ошибке при неудачном создании перехода,,NBSS_NUS
Analyzing,RMBSS-9290,3924708,,31/01/2025 14:52,Bug,"Некорректно отображается тип счета на форме ""Перенос баланса""",,Aleksandr.Lebedev
Analyzing,RMBSS-9286,3924397,,31/01/2025 13:18,Bug,При проливки в APC требуются неизвестные обязательные атрибуты для Product Offering ,,Dmitry.Tkachenko
Analyzing,RMBSS-9278,3923275,,30/01/2025 17:11,Bug,Кнопки на странице со списком доп. атрибутов не соответствуют макету,,NBSS_NUS
Analyzing,RMBSS-9277,3923260,,30/01/2025 17:02,Bug,Некорректное отображение полей в окне добавления доп. атрибутов,,NBSS_TAILORED
Planning,RMBSS-9260,3921058,,29/01/2025 14:50,Bug,Цвет закрытого абонента - белый,,Aleksandr.Lebedev
Planning,RMBSS-9259,3921055,,29/01/2025 14:49,Bug,Не учитывается Доступная сумма при переносе баланса,,NBSS_UDB
Analyzing,RMBSS-9224,3917610,,27/01/2025 18:03,Bug,Не отображаются единицы измерения объёмов и номер абонента в продуктовом профиле,,NBSS_TAILORED
In Review,RMBSS-9216,3917303,,27/01/2025 16:06,Bug,Задания DGS зависают в статусе В обработке,,Alexander.Chertkov
Analyzing,RMBSS-9168,3914311,,24/01/2025 16:20,Bug,При отключении блокировки не отключился продукт блокировки,,Dmitrii.Zelenskii
Analyzing,RMBSS-9136,3912760,,23/01/2025 18:41,Bug,Нет возможности вернуться на предыдущий шаг при возникновении ошибки подключения продуктов,,NBSS_TAILORED
Analyzing,RMBSS-9134,3912653,,23/01/2025 18:10,Bug,Пустой блок клиента в UI после подключения пакетного предложения,,NBSS_TAILORED
Open,RMBSS-9133,3912625,,23/01/2025 17:51,Bug,"Заявка на продажу пакетных предложений завершается с ошибкой в случае, когда было указано более одного продукта в группе",,NBSS_KT
Open,RMBSS-9119,3911987,,23/01/2025 14:01,Bug,Не работает выход из пользователя для LIS UI,,NBSS_TAILORED
Analyzing,RMBSS-9115,3911463,,23/01/2025 10:46,Bug,"ОСВ UI: Сделать ""Далее"" неактивной, если нет условий фильтрации",,NBSS_NUS
In Review,RMBSS-9114,3911450,,23/01/2025 10:42,Bug,ОСВ UI: нет юридического типа при просмотре параметров шаблона,,Ilya.Mukhamedzhanov
Analyzing,RMBSS-9111,3910872,,22/01/2025 20:55,Bug,Блоки с пакетными предложениями разного размера,,NBSS_TAILORED
Analyzing,RMBSS-9106,3910639,,22/01/2025 17:18,Bug,Не полностью отображаются кнопки на форме редактирования монопродуктов,,NBSS_TAILORED
Analyzing,RMBSS-9098,3910249,,22/01/2025 14:49,Bug,"Не активируется кнопка ""Сохранить"" при редактировании ресурсов монопродукта на этапе заполнения заявки на продажу",,NBSS_TAILORED
Analyzing,RMBSS-9092,3909851,,22/01/2025 12:19,Bug,"Отображается неполная информация по выбранному продукту при продаже, если он не попал в фильтр",,NBSS_TAILORED
Analyzing,RMBSS-9034,3904230,,17/01/2025 16:22,Bug,Не полная документация по подготовке SIM-карт к продаже,,Sergey.Lebedev
In Review,RMBSS-9013,3902397,,16/01/2025 16:02,Bug,ОСВ UI: отображение шаблонов при пустом фильтре,,Ilya.Mukhamedzhanov
Open,RMBSS-8997,3901412,,16/01/2025 09:16,Bug,Ошибка при попытке ввода Уникальный номер ГАР при создании нового адреса,,Nikolay.Ryazantsev
Analyzing,RMBSS-8943,3897001,,13/01/2025 16:21,Bug,Не проходит установка NORD c pgbouncer,,NBSS_TAILORED
In Progress,RMBSS-8862,3885293,,26/12/2024 12:41,Bug,Неправильное отображение списка блокируемых сервисов при просмотре блокировки,,Aleksandr.Lebedev
Planning,RMBSS-8860,3885250,,26/12/2024 12:15,Bug,Некорректная работа ЭФ Потребления в контексте Персонального счета,,Olga.Popova
Analyzing,RMBSS-8825,3884602,,25/12/2024 21:02,Bug,Отключение основного продукта ЮЛ из контекста ФЛ,,NBSS_NUS
Analyzing,RMBSS-8810,3884200,,25/12/2024 15:00,Bug,На стенде неверно установлены настройки в FPM ,,Ilya.Saskov
Analyzing,RMBSS-8806,3884119,,25/12/2024 14:12,Bug,RPT_FRNET_BUILD падает при заполнении очереди сообщений,,Alexander.Chertkov
Analyzing,RMBSS-8686,3878771,,20/12/2024 08:56,Bug,Недружественный текст сообщения об ошибке добавления адреса,,NBSS_PRAIM
Analyzing,RMBSS-8554,3871690,,13/12/2024 13:35,Bug,Некорректный переход к деталям потребления,,NBSS_NUS
Analyzing,RMBSS-8535,3871294,,13/12/2024 10:35,Bug,Сбрасываются фильтры продуктов,,Andrey.Sukhanov
Analyzing,RMBSS-8534,3871288,,13/12/2024 10:28,Bug,Поле Описание никуда не передаётся,,NBSS_TAILORED
Analyzing,RMBSS-8531,3871249,,13/12/2024 10:11,Bug,При выборе Клиента через Сменить клиента пропадает значение Приоритет,,NBSS_NUS
Analyzing,RMBSS-8505,3870890,,12/12/2024 22:45,Bug,Зависание процесса запуска ежемесячного биллинга без конкретики,,NBSS_TAILORED
In Review,RMBSS-8486,3870143,,12/12/2024 14:48,Bug,[НТ] CPM совершает много запросов за токеном SSO,,Vladimir.Sidortsov
Analyzing,RMBSS-8484,3869925,,12/12/2024 12:37,Bug,Вид форм не единообразный,,NBSS_NUS
Planning,RMBSS-8461,3869069,,11/12/2024 16:34,Bug,"[НТ] SSO периодически ""зависает""",,Ilya.Saskov
Analyzing,RMBSS-8448,3868670,,11/12/2024 14:04,Bug,Некорректный переход в продуктовый профиль,,Yekaterina.Kadnikova
Analyzing,RMBSS-8444,3868581,,11/12/2024 13:22,Bug,В TPM 47 Подключение дополнительных ПП описаны не все сценарии,,NBSS_TAILORED
In Review,RMBSS-8437,3868474,,11/12/2024 12:24,Bug,Отсутствует возможность добавить комментарий при замене SIM-карты,,Aleksandra.Ilyasova
In Review,RMBSS-8424,3867093,,10/12/2024 13:23,Bug,Системные проблемы - не сохраняются поля при редактировании,,Alexey.Kryuchkov
Analyzing,RMBSS-8421,3866815,,10/12/2024 11:18,Bug,"Некорректное наименование сценария ""Добавление адреса при смежных бизнес-процессах""",,NBSS_TAILORED
Analyzing,RMBSS-8419,3866775,,10/12/2024 11:04,Bug,Предлагается добавить еще не введенный адрес в справочник,,NBSS_NUS
Analyzing,RMBSS-8403,3866095,,09/12/2024 18:30,Bug,Refdata не выводит сообщение в случае ConcurrentModificationException,,NBSS_REFDATA
Planning,RMBSS-8402,3866075,,09/12/2024 18:20,Bug,Типы балансов заполняются через Refdata и Liquibase,,NBSS_TAILORED
In Review,RMBSS-8313,3859664,,04/12/2024 10:48,Bug,TPM.91 Продажа оборудования. Не реализовано.,,Nikolay.Ryazantsev
Analyzing,RMBSS-8305,3859205,,03/12/2024 21:19,Bug,"Некорректное поведение формы ""Классы номеров"", ошибка при выполнении запроса. Зависание.",,Alexander.Korotaev
In Progress,RMBSS-8267,3854117,,29/11/2024 10:48,Bug,Для замены доступен номер с коммутатора отличного от коммутатора абонента,,NBSS_NUS
Analyzing,RMBSS-8261,3853746,,28/11/2024 23:12,Bug,[NLM] Отсутствие влияния передаваемой локали при получении типов изменения статуса сущности,,Artem.Smirnov
In Progress,RMBSS-8176,3849485,,26/11/2024 13:26,Bug,Получение детализации истории баланса - 404 Not found,,NBSS_GUS
Analyzing,RMBSS-8156,3848501,,25/11/2024 21:00,Bug,"Не работает фильтр по полю ""Активный Да/Нет""",,Alexander.Korotaev
Analyzing,RMBSS-8148,3848131,,25/11/2024 16:29,Bug,TPM: Не учтены сценарии тестирования ,,Ilya.Tikhomirov
In Review,RMBSS-8146,3847959,,25/11/2024 15:54,Bug,TPM: Не учтены сценарии тестирования ,,Andrey.Pozhidayev
In Review,RMBSS-8120,3845400,,22/11/2024 15:08,Bug,Нет отображения подробной информации о связанном обращении,,NBSS_TAILORED
Analyzing,RMBSS-8092,3844090,,21/11/2024 17:53,Bug,[НТ] Отсутвует единообразие в названии функций идущих через NginxBe,,Yulia.Drobina
Analyzing,RMBSS-8082,3843863,,21/11/2024 16:17,Bug,В TPM отсутствует описание работы с сущностями PRAIM,,Ilya.Tikhomirov
Analyzing,RMBSS-8036,3841603,,20/11/2024 11:24,Bug,"Не удается продать ПП ""SIM-карта на замену""",,NBSS_TAILORED
Planning,RMBSS-7890,3835078,,14/11/2024 17:23,Bug,Не работает отправка документов на email при фиксации периодического биллинга,,NBSS_TAILORED
Open,RMBSS-7882,3834941,,14/11/2024 16:24,Bug,"Неверные сроки у закрытой заявки тематик ""Техническая поддержка""",,NBSS_NUS
Information needed,RMBSS-7833,3831559,,12/11/2024 15:12,Bug,[НТ] Оптимизация сценария продажи,,Ilya.Saskov
In Review,RMBSS-7799,3827726,,08/11/2024 17:17,Bug,Не сбрасывается фильтр в колонке с числом,,NBSS_NUS
Analyzing,RMBSS-7734,3823121,,05/11/2024 17:19,Bug,Странно работает поиск при переносе баланса,,NBSS_NUS
Open,RMBSS-7672,3817779,,31/10/2024 12:21,Bug,Отсутствует перевод на английский на форме СП для некоторых полей,,NBSS_NUS
Analyzing,RMBSS-7632,3814951,,29/10/2024 16:53,Bug,Сокращенные единицы измерения,,A.Vasilyev
In Progress,RMBSS-7630,3814752,,29/10/2024 15:16,Bug,На карточке СП выводится избыточная техническая информация,,NBSS_TAILORED
Open,RMBSS-7615,3813671,,28/10/2024 23:11,Bug,"В случае создания договора вручную при переходе на шаг ""Формирование и подписание документа Договор/ДС"" не происходит обновления таблицы с документами",,Stepan.Fomin
In Progress,RMBSS-7597,3810630,,25/10/2024 14:14,Bug,Не отображаются статусы пени,,Ilya.Mukhamedzhanov
Analyzing,RMBSS-7180,3797882,,16/10/2024 10:25,Bug,ЭФ Карточка заявки: отображается лишний разделитель,,Stepan.Usov
Analyzing,RMBSS-7179,3797868,,16/10/2024 10:19,Bug,ЭФ Выбор ПП: исправления верстки,,Stepan.Usov
Open,RMBSS-7112,3794790,,14/10/2024 14:23,Bug,"Не отображается ""Тип суммы долга"" на форме ""Создание шаблона""",,NBSS_NUS
Analyzing,RMBSS-6981,3792602,,11/10/2024 14:45,Bug,Некорректное поведение при сравнении версий шаблонов плана по работе с долгом,,NBSS_TAILORED
Analyzing,RMBSS-6968,3792330,,11/10/2024 12:56,Bug,Несоответствие карточек продуктовых предложений макетам,,Stepan.Usov
Analyzing,RMBSS-6691,3781220,,03/10/2024 14:34,Bug,NLM: Нет описания метрик мониторинга в документации,,Artem.Smirnov
Planning,RMBSS-5731,3752078,,11/09/2024 12:56,Bug,В RefData отсутствуют справочники,,NBSS_TAILORED
Analyzing,RMBSS-5661,3750408,,10/09/2024 12:43,Bug,[НТ] Дублирующий мониторинг,,Konstantin.Zorin
In Progress,RMBSS-5644,3748739,,09/09/2024 14:02,Bug,Создание абонента в NWM: параметр resourceCode,,Alexey.Pulatkin
Analyzing,RMBSS-5514,3744624,,04/09/2024 16:08,Bug,404 при переходе на вкладку автоплатежи,,NBSS_TAILORED
Planning,RMBSS-4876,3719179,,14/08/2024 11:36,Bug,Не отображается бублик на форме потреблений,,Andrey.Yefremov
In Review,RMBSS-4689,3713039,,08/08/2024 11:51,Bug,Несоответствие статуса продукта и его периода действия,,NBSS_TAILORED
In Progress,RMBSS-4625,3711651,,07/08/2024 12:15,Bug,Не указаны единицы измерения в характеристиках ПП,,Stepan.Usov
Open,RMBSS-4374,3699627,,26/07/2024 17:37,Bug,Падает краб-сценарий при связывании обращения со счетом без начислений,,NBSS_TAILORED
Analyzing,RMBSS-4055,3690338,,18/07/2024 16:29,Bug,"На форме депозиты отображать прочерк вместо текста, если номер счета отсутствует",,Stepan.Usov
Analyzing,RMBSS-3920,3684246,,14/07/2024 11:19,Bug,Возможно создать доп. атрибут с кириллическим кодом,,NBSS_ATS
In Review,RMBSS-3870,3681650,,11/07/2024 11:10,Bug,Ввод адреса без компонента LAM,,Yevgeniy.Gorshkov
Analyzing,RMBSS-3291,3648488,,14/06/2024 17:02,Bug,LIS. Ошибка предактивации SIM-карт,,Maksim.Vasilyev
In Review,RMBSS-3253,3644998,,11/06/2024 15:06,Bug,Ошибки при открытии формы Автоплатежи,,Denis.Saltykov
Analyzing,RMBSS-3218,3640154,,06/06/2024 18:03,Bug,Неверное наименование строк счетов-фактур,,PM_UDB
Analyzing,RMBSS-3201,3638265,,05/06/2024 15:14,Bug,Некорректный скрипт проливки словарей в tailored_nbss,,NBSS_TAILORED
Analyzing,RMBSS-3104,3628228,,28/05/2024 16:13,Bug,REFDATA использует ноды oapi в zk,,NBSS_REFDATA
Open,RMBSS-3059,3617810,,20/05/2024 16:09,Bug,Доработки UI потребления ,,NBSS_NUS
Analyzing,RMBSS-2972,3606590,,07/05/2024 16:33,Bug,Залипают контактные данные клиента при создании продажи,,NBSS_TAILORED
Planning,RMBSS-2823,3582345,,15/04/2024 12:58,Bug,Потребление. Группировка по productOfferings в CSM.PSS.ExternalOAPI.002,,Alexander.Anikin
Open,RMBSS-2765,3576683,,10/04/2024 14:55,Bug,Тестирование сопряжения UDB - PAYS_OFD,,PM_UDB
Open,RMBSS-2757,3575461,,09/04/2024 18:50,Bug,Ошибки в форме выбора доступных для корректирования счетов ,,NBSS_NUS
Analyzing,RMBSS-2587,3559391,,29/03/2024 10:38,Bug,MBUS 9.6.0 не поддерживает redos7 и rhel7,,Georgiy.Kostin
Analyzing,RMBSS-2459,3550387,,22/03/2024 04:36,Bug,Падение теста на проверке Gap,,Irina.Sveshnikova
Open,RMBSS-2380,3530097,,04/03/2024 17:19,Bug,Ошибка в реализации формы Связанные операции,,NBSS_NUS
Analyzing,RMBSS-2370,3529382,,04/03/2024 11:49,Bug,Ошибка работы фильтров на полях Сумма с налогами  и Налоги,,NBSS_NUS
In Progress,RMBSS-2366,3100234,,14/03/2023 18:14,Bug,Некорректное выставление запрета на прием платежей в UDB,,Aleksandr.Sosnilo
Analyzing,RMBSS-2342,3526208,,29/02/2024 15:52,Bug,Ошибка поведения кнопки сброса фильтра на форме работы с обращениями,,NBSS_NUS
Analyzing,RMBSS-2339,3525893,,29/02/2024 13:33,Bug,"Ошибка фильтров балансов  на ЭФ ""Счета""  при фильтрации",,NBSS_NUS
Analyzing,RMBSS-1992,3493400,,02/02/2024 20:04,Bug,Сконфигурировать REFDATA_ADAPTER для вызова функции  обновления справочника макрорегионов из REFDATA в LIS,,Alexey.Pulatkin
Analyzing,RMBSS-1991,3493396,,02/02/2024 19:57,Bug,LIS_DEV_Разработать в LIS функцию для обновления справочника макрорегионов по данным REFDATA,,Dmitry.Veselov
In Review,RMBSS-1906,3481639,,25/01/2024 13:28,Bug,Форма создания перехода графа. Получение значения приоритета по умолчанию,,Michail.Drugomilov
Planning,RMBSS-1887,3470969,,17/01/2024 12:17,Bug,Не синхронизируются фильтры для списка правил,,NBSS_NUS
Analyzing,RMBSS-1844,3454201,,28/12/2023 15:45,Bug," Форма ""Выставление на продажу""",,NBSS_NUS
In Review,RMBSS-1821,3451061,,26/12/2023 13:15,Bug,Date Picker работает некорректно,,NBSS_TAILORED
In Progress,RMBSS-1785,3447477,,22/12/2023 13:46,Bug,Корректировки внереализационных начислений отображаются на балансе,,Aleksandr.Lebedev
In Progress,RMBSS-1520,3438107,,14/12/2023 07:25,Bug,Биржа. Покупаемый объем должен отображаться в единицах измеренеия из лота,,NBSS_TAILORED
In Review,RMBSS-1333,3434945,,11/12/2023 15:51,Bug,Ошибки UI по работе с ваучерами,,NBSS_NUS
Analyzing,RMBSS-1089,3417620,,27/11/2023 10:20,Bug,Синхронизация справочника ,,PM_UDB
Analyzing,RMBSS-925,3407128,,17/11/2023 14:22,Bug,Ввод банковских реквизитов клиента,,Anton.Khusainov
Analyzing,RMBSS-891,3404063,,15/11/2023 13:22,Bug,DMS UI: всегда только один вариант перевода для поля  Наименование в ШПР отображается,,NBSS_NUS
Analyzing,RMBSS-866,3399623,,10/11/2023 15:08,Bug,Ошибка в UI Сверки реестров,,NBSS_TAILORED
Analyzing,RMBSS-820,3383647,,26/10/2023 21:56,Bug,"Потерянная функциональность ЭФ ""Счета"" Внереализационные начисления",,Ilya.Mukhamedzhanov
In Review,RMBSS-731,3349577,,30/09/2023 12:50,Bug,Доработка мониторинга UDB,,Oleg.Kunitsyn
Analyzing,RMBSS-701,3331599,,15/09/2023 15:56,Bug,Доработка мониторинга CRAB,,NBSS_CRAB
In Review,RMBSS-680,3329349,,14/09/2023 09:34,Bug,Доработка метрик мониторинга DLM,,Denis.Melnik
In Progress,RMBSS-670,3322646,,07/09/2023 18:07,Bug,Доработка мониторинга UNIBLP,,NBSS_UNIBLP
In Review,RMBSS-586,3279135,,03/08/2023 15:23,Bug,UDB. Ошибка документации,,Roman.Ganus
In Progress,RMBSS-496,3252172,,12/07/2023 15:32,Bug,Доработка состава метрик SLS_TNT,,PM_SLS
In Progress,RMBSS-419,3205441,,07/06/2023 12:38,Bug,SLS_TNT логирование компонент Router и Storage,,Andrew.Tkachenko
Planning,RMBSS-300,3184592,,22/05/2023 18:31,Bug,Не создаётся корректировка при перетарификации забиллингованных начислений,,NBSS_TAILORED
Analyzing,RMBSS-274,3178059,,16/05/2023 16:58,Bug,Доработка состава метрик PDM.PASS,,Ivan.Bessarab
In Progress,RMBSS-272,3178006,,16/05/2023 16:32,Bug,Доработка состава метрик PDM.VS (VMS),,Dmitry.Alexeev
Analyzing,RMBSS-271,3177959,,16/05/2023 16:03,Bug,Доработка состава метрик PDM.DMS,,Artem.Smirnov
In Progress,RMBSS-249,3171757,,11/05/2023 12:56,Bug,"ПМИ 16 обещанные платежи, не создается обещанный платеж с комиссией",,Alexey.Pulatkin
In Review,RMBSS-16,3092479,,07/03/2023 15:16,Bug,E2E Refdata Централизованное ведение НСИ,,Alexey.Pulatkin
