allure_id;name;full_name;automated;description;precondition;expected_result;status;scenario;issue;tag;link;example;parameter;Lead;Owner;RO;Tester;ResponsibleReviewer;Testrole;Epic;Feature;Layer;Milestone;Priority;product;Section1;Section2;Section3;Story;Suite;test_type;version
753739;17. Изменение даты на шаге "Ожидание даты выполнения заказа" через активный шаг;;false;Изменение даты выполнения заказа на шаге "Ожидание даты выполнения заказа" через вкладку "Активный шаг".;"* Выполнен вход в систему под одной из бизнес-ролей:
  * **ADMIN** пользователь **ADMIN_TEST**;
  * **SELLER_SR** пользователь **SELLER_SR_TEST**;
  * **SELLER** пользователь **SELLER_TEST**;
  * **SELLER_JR** пользователь **SELLER_JR_TEST**;
* Клиент существует в системе;
* В системе должен существовать ПП с типом активации **ON_DATE**;
* Создана заявка на продажу и управление услугами (ПиУУ);
* В заявку добавлен продукт или услуга (ПП);
* Заявка находится на шаге ""Ожидание даты выполнения заказа"";
* Оператор находится в контексте заявки клиента на вкладке ""Активный шаг"".";"* Заявка в статусе ""Обрабатывается"";
* Ожидается наступление даты выполнения заказа.";Accepted;"1. [expected] {""action"":""Выполнить любой из сценариев:\n* [02. Создание заявки на подключение продукта будущей датой](https://allure.nexign.com/project/313/test-cases/883523?treeId=825&from=Wzc5NTA5LDExMDA5Nl0%3D)\n* [07. Выбор ПП до регистрации заявки через Экспресс ПТВ с подключением будущей датой](https://allure.nexign.com/project/313/test-cases/895018?treeId=825&from=Wzc5NTA5LDExMDA5Nl0%3D)\n* [08. Выбор ПП до регистрации заявки через кнопку быстрой продажи товаров/оборудования с подключением будущей датой](https://allure.nexign.com/project/313/test-cases/895019?treeId=825&from=Wzc5NTA5LDExMDA5Nl0%3D)\n* [09. Выбор ПП до регистрации заявки через смену ПП с подключением будущей датой](https://allure.nexign.com/project/313/test-cases/895020?treeId=825&from=Wzc5NTA5LDExMDA5Nl0%3D)\n* [10. Подключение будущей датой опции до регистрации заявки к существующему продукту клиента](https://allure.nexign.com/project/313/test-cases/895021?treeId=825&from=Wzc5NTA5LDExMDA5Nl0%3D)\n* [12. Отключение продукта клиента будущей датой](https://allure.nexign.com/project/313/test-cases/890684?treeId=825&from=Wzc5NTA5LDExMDA5Nl0%3D)"",""expected"":""* Пройден этап Договор/ДС;\n* Осуществлен переход на шаг \""Ожидание даты выполнения заказа\"", где автоматически запущена проверка корректности КЗ;\n* Доступен переход на шаг \""Наполнение и уточнение коммерческого заказа\"";\n* Установлен таймер, который сработает при наступлении момента времени выполнения заказа;\n* На шаге либо отображаются конфликты после проверки, либо знак с зеленой галочкой, означающий, что проверка прошла успешно (конфликтов нет).\n\n\n![image.png](/api/rs/testcase/attachment/449169/content)""}
2. [expected] {""action"":""Нажать на карандашик у даты выполнения заказа ![image.png](/api/rs/testcase/attachment/457744/content)\n\n![image.png](/api/rs/testcase/attachment/457732/content)"",""expected"":""Открыт сайдбар для редактирования даты.\n""}
3. [expected] {""action"":""* Нажать на поле \""Планируемая дата\"";\n* Ввести дату, которая не ранее следующих суток, но не дальше допустимой даты; \n* Нажать кнопку \""Сохранить\""."",""expected"":""* Дата выполнения заявки сменилась на будущее;\n* Автоматически выполнена проверка конфигурации КЗ;\n* Заявка находится на шаге \""Ожидание даты выполнения заказа\"".\n\n![image.png](/api/rs/testcase/attachment/457748/content)""}";;3.1;"https://confluence.nexign.com/pages/viewpage.action?pageId=711544937 
https://confluence.nexign.com/pages/viewpage.action?pageId=759702532
https://confluence.nexign.com/pages/viewpage.action?pageId=778347681
https://confluence.nexign.com/pages/viewpage.action?pageId=791192325";;;;Vladislav.Khrabrykh;;;;;E2E_62 Продажа клиенту B2B;E2E_62_29 продажа клиенту B2B (Подключение/Изменение/Отключение продуктов будущей датой);;;;;03. Редактирование;;;;E2E_62 Продажа клиенту B2B;;3.1,3.2
754973;16. Установка недопустимой даты через вкладку "Активный шаг" на шаге "Управление составом заказа";;false;Установка недопустимой даты через вкладку "Активный шаг" на шаге "Управление составом заказа".;"* Выполнен вход в систему под одной из бизнес-ролей:
  * **ADMIN** пользователь **ADMIN_TEST**;
  * **SELLER_SR** пользователь **SELLER_SR_TEST**;
  * **SELLER** пользователь **SELLER_TEST**;
  * **SELLER_JR** пользователь **SELLER_JR_TEST**;
* Клиент существует в системе;
* В системе должен существовать ПП с типом активации **ON_DATE**;
* Создана заявка на продажу и управление услугами (ПиУУ) введена будущая дата на сайдбаре регистрации;
* В заявку добавлен продукт или услуга (ПП);
* Заявка находится на шаге ""Управление составом заказа"";
* Оператор находится в контексте заявки клиента во вкладке ""Активный шаг"";
* При создании заявки дата выполнения заказа была указана как дата в будущем.";;Accepted;"1. [expected] {""action"":""1. Выбрать клиента;\n2. Заполнить поля:\n\n| Поле| Обязательность|\n|--------|--------|\n|    Контактное лицо   |    |\n|    Договор     |    |\n|    Документ Договор/ДС    |    Да    |\n|    Запланировать выполнение заказа на дату    |          Да  |\n|    Планируемая дата    |     Да   |\n|    Документ КП    |    Да    |\n|    Заказ на комплекты РПД    |    Да    |\n|    Описание     |    |\n|    Приоритет    |    Да    |\n\n3. Нажать на кнопку \""Сохранить\""."",""expected"":""* Создана заявка на продажу;\n* Открыта форма наполнения и уточнения КЗ;\n* Атрибут \""Дата выполнения заказа\"" отображается на шаге;\n* Датой выполнения заказа выбрана дата в будущем.""}
2. [expected] {""action"":""Открыть форму добавления ПП в заказ через кнопку \""Добавить\""."",""expected"":""* Открыта форма выбора ПП;\n* На форме выбора ПП параметр \""Дата выполнения заказа\"" содержит дату Х;\n* Есть возможность изменить отметку и дату выполнения заказа.\n\n\n![image.png](/api/rs/testcase/attachment/453672/content)""}
3. [expected] {""action"":""1. Выбрать ПП;\n2. Нажать на кнопку \""Добавить\""."",""expected"":""* Осуществлен возврат на форму состава заказа;\n* Добавленный продукт отражен в коммерческом заказе;\n* Отображена планируемая в дата выполнения заказа;\n* Изменение даты выполнения заказа доступно;\n* \""Дата выполнения заказа\"" содержит дату Х;\n* Отображено уведомление о необходимости проверки конфигурации для перехода на следующий шаг;\n* Кнопка \""Далее\"" не активна.\n\n![image.png](/api/rs/testcase/attachment/449165/content)""}
4. [expected] {""action"":""Нажать на кнопку \""Редактировать дату\"".\n\n"",""expected"":""Открыт сайдбар для редактирования даты.\n\n""}
5. [expected] {""action"":""Введите дату, которая либо раньше текущей даты, либо позже разрешённой даты."",""expected"":""Рядом с атрибутом появляется предупреждение вида \""Дата не может быть позже \\<разрешенная дата> или \""Дата не может быть раньше \\<текущая дата>\""\n\n\n![image.png](/api/rs/testcase/attachment/416011/content)""}";;3.1;"https://confluence.nexign.com/pages/viewpage.action?pageId=711544937 
https://confluence.nexign.com/pages/viewpage.action?pageId=759702532
https://confluence.nexign.com/pages/viewpage.action?pageId=778347681
https://confluence.nexign.com/pages/viewpage.action?pageId=791192325";;;;Vladislav.Khrabrykh;;;;;E2E_62 Продажа клиенту B2B;E2E_62_29 продажа клиенту B2B (Подключение/Изменение/Отключение продуктов будущей датой);;;;;03. Редактирование;;;;E2E_62 Продажа клиенту B2B;;3.1,3.2
754974;21. Установка некорректной будущей даты через элементы заказа;;false;Установка некорректной будущей даты через вкладку "Элемент заказа" в ранее созданной заявке.;"* Выполнен вход в систему под одной из бизнес-ролей:
  * **ADMIN** пользователь **ADMIN_TEST**;
  * **SELLER_SR** пользователь **SELLER_SR_TEST**;
  * **SELLER** пользователь **SELLER_TEST**;
  * **SELLER_JR** пользователь **SELLER_JR_TEST**;
* Клиент существует в системе;
* В системе должен существовать ПП с типом активации **ON_DATE**;
* Создана заявка на продажу и управление услугами (ПиУУ);
* В заявку добавлен продукт или услуга (ПП);
* Заявка находится на шаге ""Ожидание даты выполнения заказа"".";;Accepted;"1. [expected] {""action"":""Перейти на вкладку \""Элементы заказа\""\n"",""expected"":""* Отображается вкладка \""Элементы заказа\""\n* На карточки отображается поле \""Запланированная дата выполнения заказа\""\n\n![image.png](/api/rs/testcase/attachment/416035/content)""}
2. [expected] {""action"":""Нажать кнопку редактирования даты выполнения заказа справа от поля"",""expected"":""Открыт сайдбар для редактирования даты активации\n![image.png](/api/rs/testcase/attachment/416005/content)""}
3. [expected] {""action"":""* Ввести не соответствующее установленным правилам дату\n* Нажать кнопку \""Сохранить\"""",""expected"":""Рядом с атрибутом появляется предупреждение вида \""Дата не может быть позже <sysDate+actionDateTimeDayDelta> или \""Дата не может быть раньше \\<sysDate>\""\n\n\n![image.png](/api/rs/testcase/attachment/416010/content)""}";;3.1;"https://confluence.nexign.com/pages/viewpage.action?pageId=711544937 
https://confluence.nexign.com/pages/viewpage.action?pageId=759702532
https://confluence.nexign.com/pages/viewpage.action?pageId=778347681
https://confluence.nexign.com/pages/viewpage.action?pageId=791192325";;;;Vladislav.Khrabrykh;;;;;E2E_62 Продажа клиенту B2B;E2E_62_29 продажа клиенту B2B (Подключение/Изменение/Отключение продуктов будущей датой);;;;;03. Редактирование;;;;E2E_62 Продажа клиенту B2B;;3.1,3.2
755117;22. Установка "текущего времени" через элементы заказа;;false;Установка "текущего времени" в качестве даты выполнения заказа.;"* Выполнен вход в систему под одной из бизнес-ролей:
  * **ADMIN** пользователь **ADMIN_TEST**;
  * **SELLER_SR** пользователь **SELLER_SR_TEST**;
  * **SELLER** пользователь **SELLER_TEST**;
  * **SELLER_JR** пользователь **SELLER_JR_TEST**;
* Клиент существует в системе;
* Оператор находится в контексте заявки клиента на шаге ""Управление составом заказа"";
* В заказ добавлено продуктовое предложение.";"* Заявка в статусе ""Закрыто""
* Продукт продан текущей датой.";Accepted;"1. [expected] {""action"":""Перейти на вкладку \""Элементы заказа\"""",""expected"":""* Отображается вкладка \""Элементы заказа\"";\n* На карточки отображается поле \""Запланированная дата выполнения заказа\"";\n* Доступна кнопка изменения даты выполнения заказа.\n\n\n![image.png](/api/rs/testcase/attachment/416032/content)""}
2. [expected] {""action"":""Нажать кнопку редактирования даты выполнения заказа."",""expected"":""Открыт сайдбар для редактирования даты активации\n![image.png](/api/rs/testcase/attachment/416005/content)""}
3. [expected] {""action"":""* Нажать на поле \""Планируемая дата\"";\n* Нажать в календаре кнопку \""Текущее время\"".\n\n![image.png](/api/rs/testcase/attachment/457215/content)"",""expected"":""* Отображено уведомление \""После изменения даты будет выполнена повторная проверка конфигурации заказа и доступность выбранных продуктов может измениться\"".""}
4. [expected] {""action"":""Нажать кнопку \""Сохранить\"""",""expected"":""* Сайдбар закрылся;\n* Запланированная дата выполнения заказа отображает сегодняшнее/текущее значение.\n\n![image.png](/api/rs/testcase/attachment/416031/content)""}
5. [expected] {""action"":""Запущен сценарий [13. Исполнение заявки при наступлении даты выполнения заказа](https://allure.nexign.com/project/313/test-cases/890715?treeId=825&from=Wzc5NTA5LDExMDA5Nl0%3D)"",""expected"":""* Заявка закрыта;\n* Продукт отключен текущей датой.""}";;3.1;"https://confluence.nexign.com/pages/viewpage.action?pageId=711544937 
https://confluence.nexign.com/pages/viewpage.action?pageId=759702532
https://confluence.nexign.com/pages/viewpage.action?pageId=778347681
https://confluence.nexign.com/pages/viewpage.action?pageId=791192325";;;;Vladislav.Khrabrykh;;;;;E2E_62 Продажа клиенту B2B;E2E_62_29 продажа клиенту B2B (Подключение/Изменение/Отключение продуктов будущей датой);;;;;03. Редактирование;;;;E2E_62 Продажа клиенту B2B;;3.1,3.2
755160;15. Изменение будущей даты на текущую через вкладку "Активный шаг" на шаге "Управление составом заказа";;false;Изменение будущей даты на текущую через вкладку "Активный шаг" на шаге "Управление составом заказа";"* Выполнен вход в систему под одной из бизнес-ролей:
  * **ADMIN** пользователь **ADMIN_TEST**;
  * **SELLER_SR** пользователь **SELLER_SR_TEST**;
  * **SELLER** пользователь **SELLER_TEST**;
  * **SELLER_JR** пользователь **SELLER_JR_TEST**;
* Клиент существует в системе;
* В системе должен существовать ПП с типом активации **ON_DATE**;
* Создана заявка на продажу и управление услугами (ПиУУ) введена будущая дата на сайдбаре регистрации;
* В заявку добавлен продукт или услуга (ПП);
* Заявка находится на шаге ""Управление составом заказа"";
* Оператор находится в контексте заявки клиента во вкладке ""Активный шаг"";
* При создании заявки дата выполнения заказа была указана как дата в будущем.";"* Заявка в статусе ""Закрыто""
* Продукт продан текущей датой.";Accepted;"1. [expected] {""action"":""1. Выбрать клиента;\n2. Заполнить поля:\n\n| Поле| Обязательность|\n|--------|--------|\n|    Контактное лицо   |    |\n|    Договор     |    |\n|    Документ Договор/ДС    |    Да    |\n|    Запланировать выполнение заказа на дату    |          Да  |\n|    Планируемая дата    |     Да   |\n|    Документ КП    |    Да    |\n|    Заказ на комплекты РПД    |    Да    |\n|    Описание     |    |\n|    Приоритет    |    Да    |\n\n3. Нажать на кнопку \""Сохранить\""."",""expected"":""* Создана заявка на продажу;\n* Открыта форма наполнения и уточнения КЗ;\n* Атрибут \""Дата выполнения заказа\"" отображается на шаге;\n* Датой выполнения заказа выбрана дата в будущем.""}
2. [expected] {""action"":""Открыть форму добавления ПП в заказ через кнопку \""Добавить\""."",""expected"":""* Открыта форма выбора ПП;\n* На форме выбора ПП параметр \""Дата выполнения заказа\"" содержит дату Х;\n* Есть возможность изменить отметку и дату выполнения заказа.\n\n\n![image.png](/api/rs/testcase/attachment/453672/content)""}
3. [expected] {""action"":""1. Выбрать ПП;\n2. Нажать на кнопку \""Добавить\""."",""expected"":""* Осуществлен возврат на форму состава заказа;\n* Добавленный продукт отражен в коммерческом заказе;\n* Отображена планируемая в дата выполнения заказа;\n* Изменение даты выполнения заказа доступно;\n* \""Дата выполнения заказа\"" содержит дату Х;\n* Отображено уведомление о необходимости проверки конфигурации для перехода на следующий шаг;\n* Кнопка \""Далее\"" не активна.\n\n![image.png](/api/rs/testcase/attachment/449165/content)""}
4. [expected] {""action"":""Нажать на кнопку \""Редактировать дату\""."",""expected"":""Открыт сайдбар для редактирования даты.""}
5. [expected] {""action"":""* Выбрать кнопку в календаре \""Текущее время\""; \n* Нажать кнопку \""Сохранить\""."",""expected"":""* Отображено уведомление \""После изменения даты будет выполнена повторная проверка конфигурации заказа и доступность выбранных продуктов может измениться\"".""}
6. [expected] {""action"":""Нажать на кнопку \""Сохранить\""."",""expected"":""* Проверка конфигурации завершена успешно;\n* Изменена дата выполнения заказа на сегодняшнюю.""}
7. [expected] {""action"":""Дождаться окончания проверки корректности КЗ.\n\n"",""expected"":""* Конфликтов не найдено;\n* Заявка не попадает на шаг \""Ожидание даты выполнения заказа\"".""}
8. [expected] {""action"":""Дождаться завершения продажи.\n"",""expected"":""* Заявка перешла на шаг \""Управление продуктами\"";\n* На шаге \""Управление продуктами\"" создан технический заказ;\n* Заявка перешла в статус \""закрыта\"".""}";;3.1;"https://confluence.nexign.com/pages/viewpage.action?pageId=711544937 
https://confluence.nexign.com/pages/viewpage.action?pageId=759702532
https://confluence.nexign.com/pages/viewpage.action?pageId=778347681
https://confluence.nexign.com/pages/viewpage.action?pageId=791192325";;;;Vladislav.Khrabrykh;;;;;E2E_62 Продажа клиенту B2B;E2E_62_29 продажа клиенту B2B (Подключение/Изменение/Отключение продуктов будущей датой);;;;;03. Редактирование;;;;E2E_62 Продажа клиенту B2B;;3.1,3.2
883523;02. Создание заявки на подключение продукта будущей датой;;false;Создание новой заявки на продажу (ПиУУ) с будущей датой подключения.;"* Выполнен вход в систему под одной из бизнес-ролей:
  * **ADMIN** пользователь **ADMIN_TEST**;
  * **SELLER_SR** пользователь **SELLER_SR_TEST**;
  * **SELLER** пользователь **SELLER_TEST**;
  * **SELLER_JR** пользователь **SELLER_JR_TEST**;
* Клиент существует в системе;
* В системе должен существовать ПП с типом активации **ON_DATE**;
* Продукт или услуга (ПП) доступен на будущую дату.";"* Заявка в статусе ""Обрабатывается""
* Ожидается наступление даты выполнения заказа.";Accepted;"1. [expected] {""action"":""Нажать на кнопку ![image.png](/api/rs/testcase/attachment/312840/content) \""Создание продажи и управления услугами\""."",""expected"":""* Открыто окно \""Создание продажи и управления услугами\"";\n* На форме регистрации заявки есть чекбокс \""Запланировать выполнение заказа на дату\"";\n![image.png](/api/rs/testcase/attachment/456955/content)\n* Чекбокс \""Запланировать выполнение заказа на дату\"" не заполнен\n![image.png](/api/rs/testcase/attachment/456953/content)""}
2. [expected] {""action"":""Активировать чекбокс \""Запланировать выполнение заказа на дату\"""",""expected"":""* Отображен параметр \""Планируемая дата\"";\n* Параметр \""Планируемая дата\"" не заполнен;\n* Параметр \""Планируемая дата\"" обязателен к заполнению.""}
3. [expected] {""action"":""Нажать на поле \""Планируемая дата\"""",""expected"":""* В календаре доступен выбор даты, начиная с начала следующих суток, но не дальше допустимой даты.""}
4. [expected] {""action"":""1. Выбрать допустимую дату, которая наступит в будущем;\n2. Нажать на кнопку \""Сохранить\"".\n\n\n![image.png](/api/rs/testcase/attachment/457204/content)"",""expected"":""Изменена дата выполнения заказа.""}
5. [expected] {""action"":""1. Выбрать клиента;\n2. Заполнить поля:\n\n| Поле| Обязательность|\n|--------|--------|\n|    Контактное лицо   |    |\n|    Договор     |    |\n|    Документ Договор/ДС    |    Да    |\n|    Запланировать выполнение заказа на дату    |          Да  |\n|    Планируемая дата    |     Да   |\n|    Документ КП    |    Да    |\n|    Заказ на комплекты РПД    |    Да    |\n|    Описание     |    |\n|    Приоритет    |    Да    |\n\n3. Нажать на кнопку \""Сохранить\""."",""expected"":""* Создана заявка на продажу;\n* Открыта форма наполнения и уточнения КЗ;\n* Доступна кнопка \""Редактировать дату\"";\n* Атрибут \""Дата выполнения заказа\"" заполнен значением со сайдбара создания заявки.""}
6. [expected] {""action"":""Открыть форму добавления ПП в заказ через кнопку \""Добавить\""."",""expected"":""* Открыта форма выбора ПП;\n* На форме выбора ПП активирован параметр \""Запланировать выполнение заказа на дату\"";\n* Заполнено поле \""Планируемая дата\"" значением с сайдбара регистрации;\n* Есть возможность изменить отметку и дату выполнения заказа.\n\n_Если в накопителе есть записи, выбранные на другую дату, то при изменении даты, отображено сообщение, что ранее выбранные продукты будут удалены._\n\n![image.png](/api/rs/testcase/attachment/453672/content)""}
7. [expected] {""expected"":""* Осуществлен возврат на форму состава заказа;\n* Добавленный продукт отражен в коммерческом заказе;\n* Отображена дата выполнения заказа;\n* Изменение даты выполнения заказа доступно через кнопку \""Редактировать дату\"";\n* Отображено уведомление о необходимости проверки конфигурации для перехода на следующий шаг;\n* Кнопка \""Далее\"" не активна.\n\n![image.png](/api/rs/testcase/attachment/449165/content)"",""action"":""1. Выбрать ПП;\n2. Нажать на кнопку \""Добавить\"".""}
8. [expected] {""action"":""Перейти на вкладку \""Элементы заказа\""."",""expected"":""* Отображено значение параметра \""Планируемая дата\"" после текста \""Запланированная дата выполнения заказа\"";\n* Параметр \""Планируемая дата\"" содержит будущую дату;\n* Доступно изменение значения параметра \""Планируемая дата\"".\n\n\n![image.png](/api/rs/testcase/attachment/457205/content)""}
9. [expected] {""action"":""Перейти на вкладку \""Карточка продажи\""."",""expected"":""* Отображен параметр \""Дата выполнения заказа\"";\n* Атрибут \""Дата выполнения заказа\"" содержит будущую дату;\n* Изменение даты выполнения заказа недоступно.\n\n\n![image.png](/api/rs/testcase/attachment/456958/content)""}
10. [expected] {""action"":""1. Перейти на вкладку \""Активный шаг\"";\n2. Нажать на кнопку запуска проверки конфигурации КЗ."",""expected"":""* Проверка конфигурации завершена успешно;\n* Кнопка \""Далее\"" активна;\n* Атрибут \""Дата выполнения заказа\"" содержит будущую дату;.""}
11. [expected] {""action"":""Перейти на следующий шаг, нажав на кнопку \""Далее\"". \n"",""expected"":""* Пройден этап \""Договор/ДС\"";\n* Осуществлен переход на шаг \""Ожидание даты выполнения заказа\"", где автоматически запущена проверка корректности КЗ;\n* Доступен переход на шаг \""Наполнение и уточнение коммерческого заказа\"";\n* Установлен таймер, который сработает при наступлении момента времени выполнения заказа;\n* На шаге либо отображаются конфликты после проверки, либо знак с зеленой галочкой, означающий, что проверка прошла успешно (конфликтов нет).\n\n\n![image.png](/api/rs/testcase/attachment/449169/content)""}";;3.1;"https://confluence.nexign.com/pages/viewpage.action?pageId=711544937 
https://confluence.nexign.com/pages/viewpage.action?pageId=759702532
https://confluence.nexign.com/pages/viewpage.action?pageId=778347681
https://confluence.nexign.com/pages/viewpage.action?pageId=791192325";;;;Vladimir.Kobyakov;;;;;E2E_62 Продажа клиенту B2B;E2E_62_29 продажа клиенту B2B (Подключение/Изменение/Отключение продуктов будущей датой);;;;;01. Подключение;;;;E2E_62 Продажа клиенту B2B;;3.1,3.2
883528;19. Обработка конфликтов при изменении даты на шаге "Ожидание даты выполнения заказа";;false;Обработка конфликтов при изменении даты на шаге "Ожидание даты выполнения заказа" в заявке, находящейся на шаге "Ожидание даты выполнения заказа".;"* Выполнен вход в систему под одной из бизнес-ролей:
  * **ADMIN** пользователь **ADMIN_TEST**;
  * **SELLER_SR** пользователь **SELLER_SR_TEST**;
  * **SELLER** пользователь **SELLER_TEST**;
  * **SELLER_JR** пользователь **SELLER_JR_TEST**;
* Клиент существует в системе;
* В системе должен существовать ПП с типом активации **ON_DATE**;
* Создана заявка на продажу и управление услугами (ПиУУ);
* В заявку добавлен продукт или услуга (ПП);
* Заявка находится на шаге ""Ожидание даты выполнения заказа"";
* Оператор находится в контексте заявки клиента на вкладке ""Активный шаг"";
* Продукт или услуга не доступен на сегодняшнюю дату.";;Accepted;"1. [expected] {""action"":""Выполнить любой из сценариев:\n* [02. Создание заявки на подключение продукта будущей датой](https://allure.nexign.com/project/313/test-cases/883523?treeId=825&from=Wzc5NTA5LDExMDA5Nl0%3D)\n* [07. Выбор ПП до регистрации заявки через Экспресс ПТВ с подключением будущей датой](https://allure.nexign.com/project/313/test-cases/895018?treeId=825&from=Wzc5NTA5LDExMDA5Nl0%3D)\n* [08. Выбор ПП до регистрации заявки через кнопку быстрой продажи товаров/оборудования с подключением будущей датой](https://allure.nexign.com/project/313/test-cases/895019?treeId=825&from=Wzc5NTA5LDExMDA5Nl0%3D)\n* [09. Выбор ПП до регистрации заявки через смену ПП с подключением будущей датой](https://allure.nexign.com/project/313/test-cases/895020?treeId=825&from=Wzc5NTA5LDExMDA5Nl0%3D)\n* [10. Подключение будущей датой опции до регистрации заявки к существующему продукту клиента](https://allure.nexign.com/project/313/test-cases/895021?treeId=825&from=Wzc5NTA5LDExMDA5Nl0%3D)"",""expected"":""* Пройден этап Договор/ДС;\n* Осуществлен переход на шаг \""Ожидание даты выполнения заказа\"", где автоматически запущена проверка корректности КЗ;\n* Доступен переход на шаг \""Наполнение и уточнение коммерческого заказа\"";\n* Установлен таймер, который сработает при наступлении момента времени выполнения заказа;\n* На шаге либо отображаются конфликты после проверки, либо знак с зеленой галочкой, означающий, что проверка прошла успешно (конфликтов нет).\n\n![image.png](/api/rs/testcase/attachment/449169/content)""}
2. [expected] {""action"":""Нажать на карандашик у даты выполнения заказа ![image.png](/api/rs/testcase/attachment/457744/content)\n\n![image.png](/api/rs/testcase/attachment/457732/content)"",""expected"":""Открыт сайдбар для редактирования даты.\n""}
3. [expected] {""action"":""* Нажать на поле \""Планируемая дата\"";\n* Выбрать кнопку в календаре \""Текущее время\""; \n* Нажать кнопку \""Сохранить\"".\n\n![image.png](/api/rs/testcase/attachment/457753/content)"",""expected"":""* Отображено уведомление \""После изменения даты будет выполнена повторная проверка конфигурации заказа и доступность выбранных продуктов может измениться\"".\n\n![image.png](/api/rs/testcase/attachment/438490/content)""}
4. [expected] {""action"":""Нажать на кнопку \""Сохранить\"""",""expected"":""* Проверка конфигурации завершена с ошибкой;\n* Дата выполнения заказа не изменена;\n* Отображено уведомление, что заказ завершен с ошибкой;\n* Заявка находится на шаге \""Ожидание даты выполнения заказа\"";\n* Ответственному оператору отправлено уведомление на почту.\n\n\n\n![image.png](/api/rs/testcase/attachment/457840/content)""}";;3.1;"https://confluence.nexign.com/pages/viewpage.action?pageId=711544937 
https://confluence.nexign.com/pages/viewpage.action?pageId=759702532
https://confluence.nexign.com/pages/viewpage.action?pageId=778347681
https://confluence.nexign.com/pages/viewpage.action?pageId=791192325";;;;Vladimir.Kobyakov;;;;;E2E_62 Продажа клиенту B2B;E2E_62_29 продажа клиенту B2B (Подключение/Изменение/Отключение продуктов будущей датой);;;;;03. Редактирование;;;;E2E_62 Продажа клиенту B2B;;3.1,3.2
883532;20. Установка корректной будущей даты через элементы заказа;;false;Изменение даты активации ПП через вкладку "Элементы заказа" в ранее созданной заявке, которая находится в ожидании даты активации.;"* Выполнен вход в систему под одной из бизнес-ролей:
  * **ADMIN** пользователь **ADMIN_TEST**;
  * **SELLER_SR** пользователь **SELLER_SR_TEST**;
  * **SELLER** пользователь **SELLER_TEST**;
  * **SELLER_JR** пользователь **SELLER_JR_TEST**;
* Клиент существует в системе;
* В системе должен существовать ПП с типом активации **ON_DATE**;
* Создана заявка на продажу и управление услугами (ПиУУ);
* В заявку добавлен продукт или услуга (ПП);
* Заявка находится на шаге ""Ожидание даты выполнения заказа"";
* Открыта вкладка ""Элементы заказа"".";"* Заявка в статусе ""Обрабатывается""
* Ожидается наступление даты выполнения заказа.";Accepted;"1. [expected] {""action"":""Нажать на кнопку изменения даты атрибута \""Запланированная дата выполнения заказа\""\n\n\n![image.png](/api/rs/testcase/attachment/452611/content)"",""expected"":""Открыт сайдбар корректировки даты и времени выполнения заявки\n\n\n![image.png](/api/rs/testcase/attachment/452612/content)""}
2. [expected] {""expected"":""Отображено предупреждение: \""После изменения даты будет выполнена повторная проверка конфигурации заказа на шаге «Ожидание даты выполнения заказа» и доступность выбранных продуктов может измениться\""."",""action"":""Ввести дату, которая не ранее следующих суток, но не дальше допустимой даты""}
3. [expected] {""action"":""1. Сохранить изменения;\n2. Перейти на вкладку \""Активный шаг\"".\n\n"",""expected"":""* Изменена будущая дата в заявке продажи (CPM) в заявке \""Коммерческий заказ\"" (CSM);\n* Заявка находится на шаге \""Наполнение и уточнение коммерческого заказа;\n* Атрибут \""Запланировать выполнение заказа на дату\"" заполнен значением со вкладки \""Элементы заказа\"";\n* Есть возможность изменить атрибут \""Запланировать выполнение заказа на дату\"".""}
4. [expected] {""action"":""Запустить Проверку корректности КЗ"",""expected"":""* Проверка корректности КЗ выполнено на будущую дату проведена успешно;\n* Возможен переход на следующий шаг.""}
5. [expected] {""action"":""Перейти на следующий шаг, нажав на кнопку \""Далее\"". "",""expected"":""* Пройден этап \""Договор/ДС\"";\n* Осуществлен переход на шаг \""Ожидание даты выполнения заказа\"", где автоматически запущена проверка корректности КЗ;\n* Доступен переход на шаг \""Наполнение и уточнение коммерческого заказа\"";\n* Установлен таймер, который сработает при наступлении момента времени выполнения заказа;\n* На шаге либо отображаются конфликты после проверки, либо знак с зеленой галочкой, означающий, что проверка прошла успешно (конфликтов нет).\n\n\n![image.png](/api/rs/testcase/attachment/449169/content)""}";;3.1;"https://confluence.nexign.com/pages/viewpage.action?pageId=711544937 
https://confluence.nexign.com/pages/viewpage.action?pageId=759702532
https://confluence.nexign.com/pages/viewpage.action?pageId=778347681
https://confluence.nexign.com/pages/viewpage.action?pageId=791192325";;;;Vladimir.Kobyakov;;;;;E2E_62 Продажа клиенту B2B;E2E_62_29 продажа клиенту B2B (Подключение/Изменение/Отключение продуктов будущей датой);;;;;03. Редактирование;;;;E2E_62 Продажа клиенту B2B;;3.1,3.2
890120;01. Создание заявки на подключение продукта текущей датой;;false;Создание новой заявки на продажу (ПиУУ) с текущей датой подключения.;"* Выполнен вход в систему под одной из бизнес-ролей:
  * **ADMIN** пользователь **ADMIN_TEST**;
  * **SELLER_SR** пользователь **SELLER_SR_TEST**;
  * **SELLER** пользователь **SELLER_TEST**;
  * **SELLER_JR** пользователь **SELLER_JR_TEST**;
* Клиент существует в системе;
* Продукт или услуга (ПП) доступен на текущую дату.";"* Заявка в статусе ""Закрыто""
* Продукт продан текущей датой.";Accepted;"1. [expected] {""action"":""Нажать на кнопку ![image.png](/api/rs/testcase/attachment/312840/content) \""Создание продажи и управления услугами\""."",""expected"":""* Открыто окно \""Создание продажи и управления услугами\"";\n* На форме регистрации заявки есть чекбокс \""Запланировать выполнение заказа на дату\"";\n![image.png](/api/rs/testcase/attachment/456955/content)\n* Чекбокс \""Запланировать выполнение заказа на дату\"" не заполнен\n![image.png](/api/rs/testcase/attachment/456953/content)\n\n""}
2. [expected] {""action"":""1. Выбрать клиента;\n2. Заполнить поля:\n\n| Поле| Обязательность|\n|--------|--------|\n|    Контактное лицо   |    |\n|    Договор     |    |\n|    Документ Договор/ДС    |    Да    |\n|    Запланировать выполнение заказа на дату    |        |\n|    Документ КП    |    Да    |\n|    Заказ на комплекты РПД    |    Да    |\n|    Описание     |    |\n|    Приоритет    |    Да    |\n\n3. Нажать на кнопку \""Сохранить\""."",""expected"":""* Создана заявка на продажу;\n* Открыта форма наполнения и уточнения КЗ;\n* Атрибут \""Дата выполнения заказа\"" отсутствует.\n\n\n![image.png](/api/rs/testcase/attachment/456956/content)""}
3. [expected] {""action"":""Открыть форму добавления ПП в заказ через кнопку \""Добавить\""."",""expected"":""* Открыта форма выбора ПП;\n* На форме выбора ПП чекбокс \""Запланировать выполнение заказа на дату\"" НЕ отображается.\n\n\n![image.png](/api/rs/testcase/attachment/456957/content)""}
4. [expected] {""action"":""1. Выбрать ПП;\n2. Нажать на кнопку \""Добавить\""."",""expected"":""* Осуществлен возврат на форму состава заказа;\n* Заявка находится на шаге \""Управление составом заказа\"";\n* Добавленный продукт отражен в коммерческом заказе;\n* Атрибут \""Дата выполнения заказа\"" отсутствует;\n* Отображено уведомление о необходимости проверки конфигурации для перехода на следующий шаг;\n* Кнопка \""Далее\"" не активна.\n\n\n![image.png](/api/rs/testcase/attachment/449160/content)""}
5. [expected] {""action"":""Перейти на вкладку \""Элементы заказа\""."",""expected"":""* Параметр \""Запланированная дата выполнения заказа\"" не отображается.\n""}
6. [expected] {""action"":""Перейти на вкладку \""Карточка продажи\""."",""expected"":""* Параметр \""Дата выполнения заказа\"" отсутствует.""}
7. [expected] {""action"":""1. Перейти на вкладку \""Активный шаг\"";\n2. Нажать на кнопку запуска проверки конфигурации КЗ."",""expected"":""* Проверка конфигурации завершена успешно;\n* Кнопка \""Далее\"" активна.\n""}
8. [expected] {""action"":""Перейти на следующий шаг, нажав на кнопку \""Далее\"". \n"",""expected"":""* Пройден этап \""Договор/ДС\"";\n* Выполнен переход на шаг \""Контрольная проверка КЗ\"";\n* Запущена контрольная проверка КЗ;\n* Контрольная проверка КЗ пройдена успешно;\n* Заявка перешла на шаг \""Управление продуктами\"";\n* Создан технический заказ.\n\n\n![image.png](/api/rs/testcase/attachment/456959/content)""}
9. [expected] {""action"":""Дождаться завершения продажи."",""expected"":""* Продажа закрыта с причиной \""Продажа успешно завершена\"";\n* Продажа изменила свой статус на \""Закрыта\"";\n* Предоставляется возможность перейти в продуктовый профиль клиента.\n\n\n![image.png](/api/rs/testcase/attachment/453671/content)""}
10. [expected] {""action"":""Перейти на вкладку \""Элементы заказа\""."",""expected"":""* На вкладке отображена информация о коммерческом заказе в режиме просмотра:\n   * Отображены продукты заказа;\n   * Отображена дата подключения продукта;\n   * Дата начала действия продукта совпадает с датой самой заявки.""}";;3.1;"https://confluence.nexign.com/pages/viewpage.action?pageId=711544937 
https://confluence.nexign.com/pages/viewpage.action?pageId=759702532
https://confluence.nexign.com/pages/viewpage.action?pageId=778347681
https://confluence.nexign.com/pages/viewpage.action?pageId=791192325";;;;Vladimir.Kobyakov;;;;;E2E_62 Продажа клиенту B2B;E2E_62_29 продажа клиенту B2B (Подключение/Изменение/Отключение продуктов будущей датой);;;;;01. Подключение;;;;E2E_62 Продажа клиенту B2B;;3.1,3.2
890682;12. Создание заявки на отключение продукта клиента текущей датой;;false;Отключение ПП через заявку "Продажа и управление услугами" (ПиУУ) текущей датой через продуктовый профиль клиента.;"* Выполнен вход в систему под одной из бизнес-ролей:
  * **ADMIN** пользователь **ADMIN_TEST**;
  * **SELLER_SR** пользователь **SELLER_SR_TEST**;
  * **SELLER** пользователь **SELLER_TEST**;
  * **SELLER_JR** пользователь **SELLER_JR_TEST**;
* Клиент существует в системе;
* Клиенту подключен ПП;
* ПП в статусе ""Активен"".";"Заявка закрыта
Продукт отключен текущей датой";Accepted;"1. [expected] {""action"":""1. Перейти в продуктовый профиль клиент;\n2. Нажать ![icon.PNG](/api/rs/testcase/attachment/382799/content) в меню действий у абонента\n3. Выбрать отключение продукта"",""expected"":""* Открыто окно \""Создание продажи и управления услугами\"";\n* На форме регистрации заявки присутствует атрибут \""Запланировать выполнение заказа на дату\"";\n* Атрибут \""Запланировать выполнение заказа на дату\"" не заполнен;\n* Есть возможность заполнить атрибут \""Запланировать выполнение заказа на дату\"".""}
2. [expected] {""action"":""1. Заполнить поля:\n\n| Поле| Обязательность|\n|--------|--------|\n|    Контактные данные   |    |\n|    Документ Договор/ДС    |    Да    |\n|    Запланировать выполнение заказа на дату    |        |\n|    Действие с возвращаемым оборудованием    |    Да    |\n|    Описание     |    |\n|    Приоритет    |    Да    |\n\n2. Нажать на кнопку \""Сохранить\""."",""expected"":""* Создана заявка;\n* Отображено уведомление с номером заявки;\n* Доступен переход к заявке через уведомление.""}
3. [expected] {""action"":""Нажать на кнопку перехода к заявке через уведомление."",""expected"":""* Открыта заявка;\n* Пройден этап \""Договор/ДС\"";\n* Выполнен переход на шаг \""Контрольная проверка КЗ\"";\n* Запущена контрольная проверка КЗ;\n* Контрольная проверка КЗ пройдена успешно;\n* Заявка перешла на шаг \""Управление продуктами\"";\n* Создан технический заказ.""}
4. [expected] {""action"":""Дождаться завершения продажи."",""expected"":""* Продажа закрыта с причиной \""Продажа успешно завершена\"";\n* Продажа изменила свой статус на \""Закрыта\"";\n* Предоставляется возможность перейти в продуктовый профиль клиента.\n\n\n![image.png](/api/rs/testcase/attachment/453671/content)""}
5. [expected] {""action"":""Перейти на вкладку \""Элементы заказа\""."",""expected"":""* На вкладке отображена информация о коммерческом заказе в режиме просмотра:\n   * Отображены продукты заказа;\n   * Отображена дата отключения продукта;\n   * Дата отключения продукта совпадает с датой самой заявки.""}
6. [expected] {""action"":""* Нажать ссылку \""Перейти в продуктовый профиль\""."",""expected"":""Отключенного продукта нет в списке продуктов клиента.""}";;;"https://confluence.nexign.com/pages/viewpage.action?pageId=711544937 
https://confluence.nexign.com/pages/viewpage.action?pageId=759702532
https://confluence.nexign.com/pages/viewpage.action?pageId=778347681
https://confluence.nexign.com/pages/viewpage.action?pageId=791192325";;;;Vladimir.Kobyakov;;;;;E2E_62 Продажа клиенту B2B;E2E_62_29 продажа клиенту B2B (Подключение/Изменение/Отключение продуктов будущей датой);;;;;02. Отключение;;;;E2E_62 Продажа клиенту B2B;;3.2
890684;13. Создание заявки на отключение продукта клиента будущей датой;;false;Отключение ПП через заявку "Продажа и управление услугами" (ПиУУ) будущей датой через продуктовый профиль клиента.;"* Выполнен вход в систему под одной из бизнес-ролей:
  * **ADMIN** пользователь **ADMIN_TEST**;
  * **SELLER_SR** пользователь **SELLER_SR_TEST**;
  * **SELLER** пользователь **SELLER_TEST**;
  * **SELLER_JR** пользователь **SELLER_JR_TEST**;
* Клиент существует в системе;
* Клиенту подключен ПП;
* В системе должен существовать ПП с типом активации **ON_DATE**;
* ПП в статусе ""Активен"".";"* Заявка в статусе ""Обрабатывается""
* Ожидается наступление даты выполнения заказа.";Accepted;"1. [expected] {""action"":""* Перейти в продуктовый профиль клиент;\n* Нажать ![icon.PNG](/api/rs/testcase/attachment/382799/content) в меню действий у абонента\n3. Выбрать отключение продукта"",""expected"":""* Открыто окно \""Создание продажи и управления услугами\"";\n* На форме регистрации заявки присутствует атрибут \""Запланировать выполнение заказа на дату\"";\n* Атрибут \""Запланировать выполнение заказа на дату\"" не заполнен;\n* Есть возможность заполнить атрибут \""Запланировать выполнение заказа на дату\""""}
2. [expected] {""action"":""Активировать атрибут \""Запланировать выполнение заказа на дату\""."",""expected"":""* Отображается атрибут \""Планируемая дата\""\n* По умолчанию не заполнен;\n* В календаре доступен выбор даты, начиная с начала следующих суток, но не дальше допустимой даты.""}
3. [expected] {""action"":""1. Выбрать допустимую дату, которая наступит в будущем;\n2. Нажать на кнопку \""Сохранить\""."",""expected"":""Атрибут \""Дата выполнения заказа\"" изменена.\n\n![image.png](/api/rs/testcase/attachment/449172/content)""}
4. [expected] {""action"":""1. Заполнить поля:\n\n| Поле| Обязательность|\n|--------|--------|\n|    Контактные данные   |    |\n|    Документ Договор/ДС    |    Да    |\n|    Запланировать выполнение заказа на дату    |        |\n|    Действие с возвращаемым оборудованием    |    Да    |\n|    Описание     |    |\n|    Приоритет    |    Да    |\n\n2. Нажать на кнопку \""Сохранить\""."",""expected"":""* Создана заявка;\n* Отображено уведомление с номером заявки;\n* Доступен переход к заявке через уведомление.""}
5. [expected] {""action"":""Нажать на кнопку перехода к заявке через уведомление."",""expected"":""* Открыта заявка;\n* Пройден этап Договор/ДС;\n* Осуществлен переход на шаг \""Ожидание даты выполнения заказа\"", где автоматически запущена проверка корректности КЗ;\n* Доступен переход на шаг \""Наполнение и уточнение коммерческого заказа\"";\n* Установлен таймер, который сработает при наступлении момента времени выполнения заказа;\n* На шаге либо отображаются конфликты после проверки, либо знак с зеленой галочкой, означающий, что проверка прошла успешно (конфликтов нет).\n\n\n![image.png](/api/rs/testcase/attachment/449169/content)""}";;;"https://confluence.nexign.com/pages/viewpage.action?pageId=711544937 
https://confluence.nexign.com/pages/viewpage.action?pageId=759702532
https://confluence.nexign.com/pages/viewpage.action?pageId=778347681
https://confluence.nexign.com/pages/viewpage.action?pageId=791192325";;;;Vladimir.Kobyakov;;;;;E2E_62 Продажа клиенту B2B;E2E_62_29 продажа клиенту B2B (Подключение/Изменение/Отключение продуктов будущей датой);;;;;02. Отключение;;;;E2E_62 Продажа клиенту B2B;;3.2
890693;23. Редактирование характеристик продукта текущей датой;;false;Изменение значений характеристик подключенных ПП текущей датой.;"* Выполнен вход в систему под одной из бизнес-ролей:
  * **ADMIN** пользователь **ADMIN_TEST**;
  * **SELLER_SR** пользователь **SELLER_SR_TEST**;
  * **SELLER** пользователь **SELLER_TEST**;
  * **SELLER_JR** пользователь **SELLER_JR_TEST**;
* Клиент существует в системе;
* Создана заявка на продажу и управление услугами (ПиУУ);
* Продукт или услуга подключен;
* ПП доступно изменение характеристики или цены.";"* Заявка закрыта;
* Характеристика продукта изменены текущей датой.";Accepted;"1. [expected] {""action"":""1. Перейти в продукты клиента\n2. Выбрать ПП\n3. Нажать  ![icon.PNG](/api/rs/testcase/attachment/382799/content)\n4. Выбрать редактирование"",""expected"":""* Открыто окно \""Создание продажи и управления услугами\"";\n* На форме регистрации заявки присутствует атрибут \""Запланировать выполнение заказа на дату\"";\n* Атрибут \""Запланировать выполнение заказа на дату\"" не заполнен;\n* Есть возможность заполнить атрибут \""Запланировать выполнение заказа на дату\"".""}
2. [expected] {""action"":""1. Заполнить поля:\n\n| Поле| Обязательность|\n|--------|--------|\n|    Контактные данные   |    |\n|    Документ Договор/ДС    |    Да    |\n|    Запланировать выполнение заказа на дату    |        |\n|    Документ КП    |    Да    |\n|    Описание     |    |\n|    Приоритет    |    Да    |\n\n2. Нажать на кнопку \""Сохранить\""."",""expected"":""* Создана заявка на продажу;\n* Заявка находится на шаге \""Наполнение и уточнение коммерческого заказа\"";\n* ПП отражен в коммерческом заказе;\n* Присутствует атрибут \""Дата выполнения заказа\"";\n* Атрибут \""Дата выполнения заказа\"" содержит текущую дату.\n* Изменение даты выполнения заказа доступно;\n* Отображено уведомление о необходимости проверки конфигурации для перехода на следующий шаг;\n* Кнопка \""Далее\"" не активна.""}
3. [expected] {""action"":""Нажать на кнопку изменения около продукта/опции."",""expected"":""Открыта форма редактирования характеристик.""}
4. [expected] {""action"":""* Внести любое из изменений:\n   * Изменение характеристики;\n   * Изменение цены.\n* Сохранить изменения."",""expected"":""* Форма редактирования характеристик закрыта;\n* Отображено уведомление \""Для перехода на следующий шаг заявки необходимо выполнить проверку конфигурации\"".""}
5. [expected] {""action"":""Нажать на кнопку запуска проверки конфигурации КЗ"",""expected"":""* Проверка конфигурации завершена успешно;\n* Кнопка \""Далее\"" активна.""}
6. [expected] {""action"":""Перейти на вкладку \""Элементы заказа\""."",""expected"":""Параметр \""Запланированная дата выполнения заказа\"" не отображается.""}
7. [expected] {""action"":""Перейти на шаг заявки КЗ \""Наполнение и уточнение коммерческого заказа\""."",""expected"":""* Параметр \""Дата выполнения заказа\"" содержит текущую дату;\n* Доступно изменение даты выполнения заказа.\n""}
8. [expected] {""action"":""Перейти на следующий шаг, нажав на кнопку \""Далее\"". "",""expected"":""* Пройден этап Договор/ДС;\n* Выполнен переход на шаг \""Контрольная проверка КЗ\"";\n* Запущена Контрольная проверка КЗ;\n* Контрольная проверка КЗ пройдена успешно;\n* Заявка перешла на шаг \""Управление продуктами\"";\n* Создан технический заказ.""}
9. [expected] {""action"":""* Дождаться завершения продажи."",""expected"":""* Продажа закрыта с причиной \""Продажа успешно завершена\"";\n* Продажа изменила свой статус на \""Закрыта\"";\n* Предоставляется возможность перейти в продуктовый профиль клиента.""}";;;"https://confluence.nexign.com/pages/viewpage.action?pageId=711544937 
https://confluence.nexign.com/pages/viewpage.action?pageId=759702532
https://confluence.nexign.com/pages/viewpage.action?pageId=778347681
https://confluence.nexign.com/pages/viewpage.action?pageId=791192325";;;;Vladimir.Kobyakov;;;;;E2E_62 Продажа клиенту B2B;E2E_62_29 продажа клиенту B2B (Подключение/Изменение/Отключение продуктов будущей датой);;;;;03. Редактирование;;;;E2E_62 Продажа клиенту B2B;;3.2
890695;24. Редактирование характеристик продукта будущей датой;;false;Изменение значений характеристик подключенных ПП будущей датой.;"* Выполнен вход в систему под одной из бизнес-ролей:
  * **ADMIN** пользователь **ADMIN_TEST**;
  * **SELLER_SR** пользователь **SELLER_SR_TEST**;
  * **SELLER** пользователь **SELLER_TEST**;
  * **SELLER_JR** пользователь **SELLER_JR_TEST**;
* Клиент существует в системе;
* Создана заявка на продажу и управление услугами (ПиУУ);
* Продукт или услуга подключен;
*  В системе должен существовать ПП с типом активации **ON_DATE**;
* ПП доступно изменение характеристики или цены.";"* Заявка в статусе ""Обрабатывается""
* Ожидается наступление даты выполнения заказа.";Accepted;"1. [expected] {""action"":""1. Перейти в продукты клиента;\n2. Выбрать ПП;\n3. Нажать  ![icon.PNG](/api/rs/testcase/attachment/382799/content);\n4. Выбрать редактирование."",""expected"":""* Открыто окно \""Создание продажи и управления услугами\"";\n* На форме регистрации заявки присутствует атрибут \""Запланировать выполнение заказа на дату\"";\n* Атрибут \""Запланировать выполнение заказа на дату\"" не заполнен;\n* Есть возможность заполнить атрибут \""Запланировать выполнение заказа на дату\"".""}
2. [expected] {""action"":""Нажать на кнопку изменения атрибута \""Запланировать выполнение заказа на дату\"""",""expected"":""* Отображается атрибут \""Планируемая дата\""\n* По умолчанию атрибут \""Планируемая дата\"" не заполнен;\n* В календаре доступен выбор даты, начиная с начала следующих суток, но не больше, чем допустимая дата.""}
3. [expected] {""action"":""1. Указать дату;\n2. Нажать кнопку \""Сохранить\""."",""expected"":""* Создана заявка на продажу;\n* Заявка находится на шаге \""Наполнение и уточнение коммерческого заказа\"";\n* Отображен параметр \""Планируемая дата\"";\n* Атрибут \""Планируемая дата\"" содержит будущую дату;\n* Доступна кнопка изменения даты выполнения заказа;\nПП отражен в коммерческом заказе.""}
4. [expected] {""action"":""Нажать на кнопку внесения изменений в характеристики ПП."",""expected"":""Открыта форма редактирования характеристик.""}
5. [expected] {""action"":""1. Внести изменения в характеристики;\n2. Сохранить изменения."",""expected"":""* Форма редактирования характеристик закрыта;\n* Отображено уведомление \""Для перехода на следующий шаг заявки необходимо выполнить проверку конфигурации\"".""}
6. [expected] {""action"":""Нажать на кнопку запуска проверки конфигурации КЗ."",""expected"":""* Проверка конфигурации завершена успешно;\n* Кнопка \""Далее\"" активна.""}
7. [expected] {""action"":""Перейти на вкладку \""Элементы заказа\""."",""expected"":""* Отображено значение параметра \""Планируемая дата\"" после текста \""Запланированная дата выполнения заказа\"";\n* Параметр \""Планируемая дата\"" содержит будущую дату;\n* Доступна кнопка изменения значения параметра \""Планируемая дата\"".""}
8. [expected] {""action"":""Перейти на вкладку \""Карточка продажи\""."",""expected"":""* Отображен параметр \""Дата выполнения заказа\"";\n* Атрибут \""Дата выполнения заказа\"" содержит будущую дату;\n* Недоступно изменение даты выполнения заказа.""}
9. [expected] {""action"":""Перейти на следующий шаг, нажав на кнопку \""Далее\"". "",""expected"":""* Пройден этап \""Договор/ДС\"";\n* Осуществлен переход на шаг \""Ожидание даты выполнения заказа\"", где автоматически запущена проверка корректности КЗ;\n* Доступен переход на шаг \""Наполнение и уточнение коммерческого заказа\"";\n* Установлен таймер, который сработает при наступлении момента времени выполнения заказа;\n* На шаге либо отображаются конфликты после проверки, либо знак с зеленой галочкой, означающий, что проверка прошла успешно (конфликтов нет).\n\n\n![image.png](/api/rs/testcase/attachment/449169/content)""}";;;"https://confluence.nexign.com/pages/viewpage.action?pageId=711544937 
https://confluence.nexign.com/pages/viewpage.action?pageId=759702532
https://confluence.nexign.com/pages/viewpage.action?pageId=778347681
https://confluence.nexign.com/pages/viewpage.action?pageId=791192325";;;;Vladimir.Kobyakov;;;;;E2E_62 Продажа клиенту B2B;E2E_62_29 продажа клиенту B2B (Подключение/Изменение/Отключение продуктов будущей датой);;;;;03. Редактирование;;;;E2E_62 Продажа клиенту B2B;;3.2
890713;26. Недоступность ПП при наступлении даты выполнения заказа;;false;;"* Выполнен вход в систему под одной из бизнес-ролей:
  * **ADMIN** пользователь **ADMIN_TEST**;
  * **SELLER_SR** пользователь **SELLER_SR_TEST**;
  * **SELLER** пользователь **SELLER_TEST**;
  * **SELLER_JR** пользователь **SELLER_JR_TEST**;
* Клиент существует в системе;
* Создана заявка на продажу и управление услугами (ПиУУ);
* Ожидается выполнение заявки на будущую дату;
* ПП перестал быть доступен на дату выполнения заказа.";;Accepted;"1. [expected] {""action"":""Выполнить любой из сценариев:\n* [02. Создание заявки на подключение продукта будущей датой](https://allure.nexign.com/project/313/test-cases/883523?treeId=825&from=Wzc5NTA5LDExMDA5Nl0%3D)\n* [03. Создание заявки на подключение неактивного продукта будущей датой](https://allure.nexign.com/project/313/test-cases/907676?treeId=825&from=Wzc5NTA5LDExMDA5Nl0%3D)\n* [07. Выбор ПП до регистрации заявки через Экспресс ПТВ с подключением будущей датой](https://allure.nexign.com/project/313/test-cases/895018?treeId=825&from=Wzc5NTA5LDExMDA5Nl0%3D)\n* [08. Выбор ПП до регистрации заявки через кнопку быстрой продажи товаров/оборудования с подключением будущей датой](https://allure.nexign.com/project/313/test-cases/895019?treeId=825&from=Wzc5NTA5LDExMDA5Nl0%3D)\n* [09. Выбор ПП до регистрации заявки через смену ПП с подключением будущей датой](https://allure.nexign.com/project/313/test-cases/895020?treeId=825&from=Wzc5NTA5LDExMDA5Nl0%3D)\n* [10. Подключение будущей датой опции до регистрации заявки к существующему продукту клиента](https://allure.nexign.com/project/313/test-cases/895021?treeId=825&from=Wzc5NTA5LDExMDA5Nl0%3D)\n* [12. Отключение продукта клиента будущей датой](https://allure.nexign.com/project/313/test-cases/890684?treeId=825&from=Wzc5NTA5LDExMDA5Nl0%3D)\n* [13. Создание заявки на отключение продукта клиента будущей датой](https://allure.nexign.com/project/313/test-cases/890684?treeId=825&from=Wzc5NTA5LDExMDA5Nl0%3D)\n* [15. Установка допустимой даты через карточку заявки (Основной сценарий)](https://allure.nexign.com/project/313/test-cases/883528?treeId=825&from=Wzc5NTA5LDExMDA5Nl0%3D)\n* [17. Изменение даты на шаге \""Ожидание даты выполнения заказа\""](https://allure.nexign.com/project/313/test-cases/753739?treeId=825&from=Wzc5NTA5LDExMDA5Nl0%3D)\n* [19. Установка корректной будущей даты через элементы заказа](https://allure.nexign.com/project/313/test-cases/883532?treeId=825&from=Wzc5NTA5LDExMDA5Nl0%3D)\n* [23. Редактирование характеристик продукта будущей датой](https://allure.nexign.com/project/313/test-cases/890695?treeId=825&from=Wzc5NTA5LDExMDA5Nl0%3D)\n* [24. Редактирование будущей даты через вкладку \""Активный шаг\""](https://allure.nexign.com/project/313/test-cases/913350?treeId=825&from=Wzc5NTA5LDExMDA5Nl0%3D)"",""expected"":""* Пройден этап Договор/ДС;\n* Осуществлен переход на шаг \""Ожидание даты выполнения заказа\"", где автоматически запущена проверка корректности КЗ;\n* Доступен переход на шаг \""Наполнение и уточнение коммерческого заказа\"";\n* Установлен таймер, который сработает при наступлении момента времени выполнения заказа;\n* На шаге либо отображаются конфликты после проверки, либо знак с зеленой галочкой, означающий, что проверка прошла успешно (конфликтов нет).\n\n\n![image.png](/api/rs/testcase/attachment/449169/content)""}
2. ПП перестал быть доступен
3. [expected] {""action"":""Дождаться времени истечения таймера."",""expected"":""* Запускается проверка корректности КЗ.\n""}
4. [expected] {""action"":""Дождаться окончания проверки корректности КЗ."",""expected"":""* Заявка осталась на шага \""Ожидание даты выполнения заказа\"";\n* Отправляется нотификация ответственному за заявку о наличии конфликтов;\n* Не осуществляется переход на следующий шаг \""Контрольная проверка КЗ\"";\n* Все найденные конфликты отображаются на форме.\n\n![image.png](/api/rs/testcase/attachment/457213/content)""}";;;"https://confluence.nexign.com/pages/viewpage.action?pageId=711544937 
https://confluence.nexign.com/pages/viewpage.action?pageId=759702532
https://confluence.nexign.com/pages/viewpage.action?pageId=778347681
https://confluence.nexign.com/pages/viewpage.action?pageId=791192325";;;;Vladimir.Kobyakov;;;;;E2E_62 Продажа клиенту B2B;E2E_62_29 продажа клиенту B2B (Подключение/Изменение/Отключение продуктов будущей датой);;;;;04. Выполнение заказа;;;;E2E_62 Продажа клиенту B2B;;3.2
890715;25. Исполнение заявки при наступлении даты выполнения заказа;;false;;"* Выполнен вход в систему под одной из бизнес-ролей:
  * **ADMIN** пользователь **ADMIN_TEST**;
  * **SELLER_SR** пользователь **SELLER_SR_TEST**;
  * **SELLER** пользователь **SELLER_TEST**;
  * **SELLER_JR** пользователь **SELLER_JR_TEST**;
* Клиент существует в системе;
* Создана заявка на продажу и управление услугами (ПиУУ);
* Ожидается выполнение заявки на будущую дату.";Заявка закрыта текущей датой.;Accepted;"1. [expected] {""action"":""Выполнить любой из сценариев:\n* [02. Создание заявки на подключение продукта будущей датой](https://allure.nexign.com/project/313/test-cases/883523?treeId=825&from=Wzc5NTA5LDExMDA5Nl0%3D)\n* [03. Создание заявки на подключение неактивного продукта будущей датой](https://allure.nexign.com/project/313/test-cases/907676?treeId=825&from=Wzc5NTA5LDExMDA5Nl0%3D)\n* [07. Выбор ПП до регистрации заявки через Экспресс ПТВ с подключением будущей датой](https://allure.nexign.com/project/313/test-cases/895018?treeId=825&from=Wzc5NTA5LDExMDA5Nl0%3D)\n* [08. Выбор ПП до регистрации заявки через кнопку быстрой продажи товаров/оборудования с подключением будущей датой](https://allure.nexign.com/project/313/test-cases/895019?treeId=825&from=Wzc5NTA5LDExMDA5Nl0%3D)\n* [09. Выбор ПП до регистрации заявки через смену ПП с подключением будущей датой](https://allure.nexign.com/project/313/test-cases/895020?treeId=825&from=Wzc5NTA5LDExMDA5Nl0%3D)\n* [10. Подключение будущей датой опции до регистрации заявки к существующему продукту клиента](https://allure.nexign.com/project/313/test-cases/895021?treeId=825&from=Wzc5NTA5LDExMDA5Nl0%3D)\n* [12. Отключение продукта клиента будущей датой](https://allure.nexign.com/project/313/test-cases/890684?treeId=825&from=Wzc5NTA5LDExMDA5Nl0%3D)\n* [13. Создание заявки на отключение продукта клиента будущей датой](https://allure.nexign.com/project/313/test-cases/890684?treeId=825&from=Wzc5NTA5LDExMDA5Nl0%3D)\n* [15. Установка допустимой даты через карточку заявки (Основной сценарий)](https://allure.nexign.com/project/313/test-cases/883528?treeId=825&from=Wzc5NTA5LDExMDA5Nl0%3D)\n* [17. Изменение даты на шаге \""Ожидание даты выполнения заказа\""](https://allure.nexign.com/project/313/test-cases/753739?treeId=825&from=Wzc5NTA5LDExMDA5Nl0%3D)\n* [19. Установка корректной будущей даты через элементы заказа](https://allure.nexign.com/project/313/test-cases/883532?treeId=825&from=Wzc5NTA5LDExMDA5Nl0%3D)\n* [23. Редактирование характеристик продукта будущей датой](https://allure.nexign.com/project/313/test-cases/890695?treeId=825&from=Wzc5NTA5LDExMDA5Nl0%3D)\n* [24. Редактирование будущей даты через вкладку \""Активный шаг\""](https://allure.nexign.com/project/313/test-cases/913350?treeId=825&from=Wzc5NTA5LDExMDA5Nl0%3D)"",""expected"":""* Пройден этап Договор/ДС;\n* Осуществлен переход на шаг \""Ожидание даты выполнения заказа\"", где автоматически запущена проверка корректности КЗ;\n* Доступен переход на шаг \""Наполнение и уточнение коммерческого заказа\"";\n* Установлен таймер, который сработает при наступлении момента времени выполнения заказа;\n* На шаге либо отображаются конфликты после проверки, либо знак с зеленой галочкой, означающий, что проверка прошла успешно (конфликтов нет).\n\n\n![image.png](/api/rs/testcase/attachment/449169/content)""}
2. [expected] {""action"":""Дождаться времени истечения таймера."",""expected"":""Запускается проверка корректности КЗ.\n\n""}
3. [expected] {""expected"":""* Конфликтов не найдено;\n* Заявка автоматически перешла на шаг \""Контрольная проверка КЗ\"" ![image.png](/api/rs/testcase/attachment/449174/content)."",""action"":""Дождаться окончания проверки корректности КЗ.""}
4. [expected] {""action"":""* Дождаться завершения продажи."",""expected"":""* Заявка перешла на шаг \""Управление продуктами\"";\n* На шаге \""Управление продуктами\"" создан технический заказ;\n* Заявка перешла в статус \""закрыта\"".""}";;;"https://confluence.nexign.com/pages/viewpage.action?pageId=711544937 
https://confluence.nexign.com/pages/viewpage.action?pageId=759702532
https://confluence.nexign.com/pages/viewpage.action?pageId=778347681
https://confluence.nexign.com/pages/viewpage.action?pageId=791192325";;;;Vladimir.Kobyakov;;;;;E2E_62 Продажа клиенту B2B;E2E_62_29 продажа клиенту B2B (Подключение/Изменение/Отключение продуктов будущей датой);;;;;04. Выполнение заказа;;;;E2E_62 Продажа клиенту B2B;;3.2
895014;04. Выбор ПП до регистрации заявки через Экспресс ПТВ с подключением текущей датой;;false;Создание заявки на продажу (ПиУУ) через кнопку "Экспресс ПТВ" с текущей датой подключения.;"* Выполнен вход в систему под одной из бизнес-ролей:
  * **ADMIN** пользователь **ADMIN_TEST**;
  * **SELLER_SR** пользователь **SELLER_SR_TEST**;
  * **SELLER** пользователь **SELLER_TEST**;
  * **SELLER_JR** пользователь **SELLER_JR_TEST**;
* Клиент существует в системе;
* Продукт или услуга (ПП) доступен на текущую дату.";"* Заявка в статусе ""Закрыто""
* Продукт продан текущей датой.";Outdated;"1. [expected] {""action"":""1. Перейти в форму экспресс проверки ПТВ;\n2. Ввести адрес, доступную технологию;\n3. Нажать на кнопку выбора ПП."",""expected"":""* Открыта форма выбора ПП;\n* На форме выбора ПП параметр \""Запланировать выполнение заказа на дату\"" не заполнен;\n* Есть возможность изменить отметку и дату выполнения заказа.""}
2. [expected] {""action"":""1. Выбрать ПП;\n2. Нажать на кнопку \""Добавить\""."",""expected"":""* Открыто окно \""Создание продажи и управления услугами\"";\n* На форме регистрации заявки присутствует атрибут \""Запланировать выполнение заказа на дату\"";\n* Атрибут \""Запланировать выполнение заказа на дату\"" не заполнен;\n* Есть возможность заполнить атрибут \""Запланировать выполнение заказа на дату\"".""}
3. [expected] {""action"":""1. Выбрать клиента;\n2. Заполнить поля:\n\n| Поле| Обязательность|\n|--------|--------|\n|    Контактное лицо   |    |\n|    Договор     |    |\n|    Документ Договор/ДС    |    Да    |\n|    Запланировать выполнение заказа на дату    |        |\n|    Документ КП    |    Да    |\n|    Заказ на комплекты РПД    |    Да    |\n|    Описание     |    |\n|    Приоритет    |    Да    |\n\n3. Нажать на кнопку \""Сохранить\""."",""expected"":""* Создана заявка на продажу;\n* Заявка находится на шаге \""Наполнение и уточнение коммерческого заказа\"";\n* Открыта форма наполнения и уточнения КЗ;\n* Добавленный продукт отражен в коммерческом заказе;\n* Присутствует атрибут \""Дата выполнения заказа\"";\n* Атрибут \""Дата выполнения заказа\"" содержит текущую дату.\n* Изменение даты выполнения заказа доступно;\n* Отображено уведомление о необходимости проверки конфигурации для перехода на следующий шаг;\n* Кнопка \""Далее\"" не активна.\n\n\n![image.png](/api/rs/testcase/attachment/449160/content)""}
4. [expected] {""action"":""Нажать на кнопку запуска проверки конфигурации КЗ"",""expected"":""* Проверка конфигурации завершена успешно;\n* Кнопка \""Далее\"" активна.""}
5. [expected] {""action"":""Перейти на вкладку \""Элементы заказа\""."",""expected"":""* Отображено значение параметра \""Планируемая дата\"" после текста \""Запланированная дата выполнения заказа\"";\n* Параметр \""Планируемая дата\"" содержит текущую дату;\n* Недоступно изменение значения параметра \""Планируемая дата\"".""}
6. [expected] {""action"":""Перейти на вкладку \""Карточка продажи\""."",""expected"":""* Отображен параметр \""Дата выполнения заказа\"";\n* Атрибут \""Дата выполнения заказа\"" содержит текущую дату;\n* Доступна кнопка изменения даты выполнения заказа.""}
7. [expected] {""action"":""Перейти на следующий шаг, нажав на кнопку \""Далее\"". \n"",""expected"":""* Пройден этап \""Договор/ДС\"";\n* Выполнен переход на шаг \""Контрольная проверка КЗ\"";\n* Запущена контрольная проверка КЗ;\n* Контрольная проверка КЗ пройдена успешно;\n* Заявка перешла на шаг \""Управление продуктами\"";\n* Создан технический заказ.""}
8. [expected] {""action"":""Дождаться завершения продажи."",""expected"":""* Продажа закрыта с причиной \""Продажа успешно завершена\"";\n* Продажа изменила свой статус на \""Закрыта\"";\n* Предоставляется возможность перейти в продуктовый профиль клиента.\n\n\n![image.png](/api/rs/testcase/attachment/453671/content)""}
9. [expected] {""action"":""Перейти на вкладку \""Элементы заказа\""."",""expected"":""* На вкладке отображена информация о коммерческом заказе в режиме просмотра:\n   * Отображены продукты заказа;\n   * Отображена дата подключения продукта;\n   * Дата начала действия продукта совпадает с датой самой заявки.""}";;;"https://confluence.nexign.com/pages/viewpage.action?pageId=711544937 
https://confluence.nexign.com/pages/viewpage.action?pageId=759702532
https://confluence.nexign.com/pages/viewpage.action?pageId=778347681
https://confluence.nexign.com/pages/viewpage.action?pageId=791192325";;;;Vladimir.Kobyakov;;;;;E2E_62 Продажа клиенту B2B;E2E_62_29 продажа клиенту B2B (Подключение/Изменение/Отключение продуктов будущей датой);;;;;01. Подключение;;;;E2E_62 Продажа клиенту B2B;;3.2
895015;05. Выбор ПП до регистрации заявки через кнопку быстрой продажи товаров/оборудования с подключением текущей датой;;false;Создание заявки на продажу (ПиУУ) через кнопку быстрой продажи товаров/оборудования с текущей датой подключения.;"* Выполнен вход в систему под одной из бизнес-ролей:
  * **ADMIN** пользователь **ADMIN_TEST**;
  * **SELLER_SR** пользователь **SELLER_SR_TEST**;
  * **SELLER** пользователь **SELLER_TEST**;
  * **SELLER_JR** пользователь **SELLER_JR_TEST**;
* Клиент существует в системе;
* Продукт или услуга (ПП) доступен на текущую дату.";"* Заявка в статусе ""Закрыто""
* Продукт продан текущей датой.";Accepted;"1. [expected] {""action"":""1. Проверить правую панель интерфейса;\n2. Нажать на кнопку продажи товаров/оборудования.\n\n![image.png](/api/rs/testcase/attachment/449170/content)"",""expected"":""* Открыта форма выбора ПП;\n* На форме выбора ПП параметр \""Запланировать выполнение заказа на дату\"" не заполнен;\n* Есть возможность изменить отметку и дату выполнения заказа.""}
2. [expected] {""action"":""1. Выбрать ПП;\n2. Нажать на кнопку \""Добавить\""."",""expected"":""* Открыто окно \""Создание продажи и управления услугами\"";\n* На форме регистрации заявки присутствует атрибут \""Запланировать выполнение заказа на дату\"";\n* Атрибут \""Запланировать выполнение заказа на дату\"" не заполнен;\n* Есть возможность заполнить атрибут \""Запланировать выполнение заказа на дату\"".""}
3. [expected] {""action"":""1. Выбрать клиента;\n2. Заполнить поля:\n\n| Поле| Обязательность|\n|--------|--------|\n|    Контактное лицо   |    |\n|    Договор     |    |\n|    Документ Договор/ДС    |    Да    |\n|    Запланировать выполнение заказа на дату    |        |\n|    Документ КП    |    Да    |\n|    Заказ на комплекты РПД    |    Да    |\n|    Описание     |    |\n|    Приоритет    |    Да    |\n\n3. Нажать на кнопку \""Сохранить\""."",""expected"":""* Создана заявка на продажу;\n* Заявка находится на шаге \""Наполнение и уточнение коммерческого заказа\"";\n* Открыта форма наполнения и уточнения КЗ;\n* Добавленный продукт отражен в коммерческом заказе;\n* На форме выбора ПП чекбокс \""Запланировать выполнение заказа на дату\"" НЕ отображается.\n* Отображено уведомление о необходимости проверки конфигурации для перехода на следующий шаг;\n* Кнопка \""Далее\"" не активна.\n\n\n![image.png](/api/rs/testcase/attachment/449160/content)""}
4. [expected] {""action"":""Нажать на кнопку запуска проверки конфигурации КЗ"",""expected"":""* Проверка конфигурации завершена успешно;\n* Кнопка \""Далее\"" активна.""}
5. [expected] {""action"":""Перейти на вкладку \""Элементы заказа\""."",""expected"":""* Параметр \""Запланированная дата выполнения заказа\"" не отображается.""}
6. [expected] {""action"":""Перейти на вкладку \""Карточка продажи\""."",""expected"":""* Параметр \""Дата выполнения заказа\"" отсутствует.""}
7. [expected] {""action"":""Перейти на следующий шаг, нажав на кнопку \""Далее\"". \n"",""expected"":""* Пройден этап \""Договор/ДС\"";\n* Выполнен переход на шаг \""Контрольная проверка КЗ\"";\n* Запущена контрольная проверка КЗ;\n* Контрольная проверка КЗ пройдена успешно;\n* Заявка перешла на шаг \""Управление продуктами\"";\n* Создан технический заказ.""}
8. [expected] {""action"":""* Дождаться завершения продажи."",""expected"":""* Продажа закрыта с причиной \""Продажа успешно завершена\"";\n* Продажа изменила свой статус на \""Закрыта\"";\n* Предоставляется возможность перейти в продуктовый профиль клиента.""}
9. [expected] {""action"":""* На карточке заявки перейти на вкладку \""Элементы заказа\""."",""expected"":""* На вкладке отображена информация обо всем коммерческом заказе в режиме просмотра:\n   * отображены продукты заказа;\n   * отображена дата подключения продукта;\n   * Дата начала действия продукта совпадает с датой самой заявки.""}";;;"https://confluence.nexign.com/pages/viewpage.action?pageId=711544937 
https://confluence.nexign.com/pages/viewpage.action?pageId=759702532
https://confluence.nexign.com/pages/viewpage.action?pageId=778347681
https://confluence.nexign.com/pages/viewpage.action?pageId=791192325";;;;Vladimir.Kobyakov;;;;;E2E_62 Продажа клиенту B2B;E2E_62_29 продажа клиенту B2B (Подключение/Изменение/Отключение продуктов будущей датой);;;;;01. Подключение;;;;E2E_62 Продажа клиенту B2B;;3.2
895016;06. Выбор ПП до регистрации заявки через смену ПП с подключением текущей датой;;false;Создание заявки на продажу (ПиУУ) с текущей датой подключения через смену ПП в продуктовом профиле клиента.;"* Выполнен вход в систему под одной из бизнес-ролей:
  * **ADMIN** пользователь **ADMIN_TEST**;
  * **SELLER_SR** пользователь **SELLER_SR_TEST**;
  * **SELLER** пользователь **SELLER_TEST**;
  * **SELLER_JR** пользователь **SELLER_JR_TEST**;
* Клиент существует в системе;
* Клиенту подключен ПП;
* ПП в статусе ""Активен"";
* Новый продукт или услуга (ПП) доступен на текущую дату.";"* Заявка в статусе ""Закрыто""
* Продукт продан текущей датой.";Accepted;"1. [expected] {""action"":""1. Перейти в продуктовый профиль клиент;\n2. Нажать ![icon.PNG](/api/rs/testcase/attachment/382799/content) в меню действий у абонента\n3. Выбрать действие \""Сменить основной продукт\""\n4. ![image.png](/api/rs/testcase/attachment/348729/content)"",""expected"":""* Открыта форма выбора ПП;\n* На форме выбора ПП параметр \""Дата выполнения заказа\"" не заполнен;\n* Есть возможность изменить отметку и дату выполнения заказа.""}
2. [expected] {""action"":""1. Выбрать ПП;\n2. Нажать на кнопку \""Добавить\""."",""expected"":""* Открыто окно \""Создание продажи и управления услугами\"";\n* На форме регистрации заявки отсутствует атрибут \""Запланировать выполнение заказа на дату\"".\n\n![image.png](/api/rs/testcase/attachment/449158/content)""}
3. [expected] {""action"":""1. Заполнить поля:\n\n| Поле| Обязательность|\n|--------|--------|\n|    Контактные данные   |    |\n|    Документ Договор/ДС    |    Да    |\n|    Запланировать выполнение заказа на дату    |        |\n|    Документ КП    |    Да    |\n|    Описание     |    |\n|    Приоритет    |    Да    |\n\n2. Нажать на кнопку \""Сохранить\""."",""expected"":""* Создана заявка на продажу;\n* Заявка находится на шаге \""Наполнение и уточнение коммерческого заказа\"";\n* Открыта форма наполнения и уточнения КЗ;\n* Добавленный продукт отражен в коммерческом заказе;\n* На форме выбора ПП чекбокс \""Запланировать выполнение заказа на дату\"" НЕ отображается.\n* Отображено уведомление о необходимости проверки конфигурации для перехода на следующий шаг;\n* Кнопка \""Далее\"" не активна.\n\n\n![image.png](/api/rs/testcase/attachment/449160/content)""}
4. [expected] {""action"":""Нажать на кнопку запуска проверки конфигурации КЗ"",""expected"":""* Проверка конфигурации завершена успешно;\n* Кнопка \""Далее\"" активна.""}
5. [expected] {""action"":""Перейти на вкладку \""Элементы заказа\""."",""expected"":""* Параметр \""Запланированная дата выполнения заказа\"" не отображается.""}
6. [expected] {""action"":""Перейти на вкладку \""Карточка продажи\""."",""expected"":""* Параметр \""Дата выполнения заказа\"" отсутствует.""}
7. [expected] {""action"":""Перейти на следующий шаг, нажав на кнопку \""Далее\"". "",""expected"":""* Пройден этап \""Договор/ДС\"";\n* Выполнен переход на шаг \""Контрольная проверка КЗ\"";\n* Запущена контрольная проверка КЗ;\n* Контрольная проверка КЗ пройдена успешно;\n* Заявка перешла на шаг \""Управление продуктами\"";\n* Создан технический заказ.""}
8. [expected] {""action"":""Дождаться завершения продажи."",""expected"":""* Продажа закрыта с причиной \""Продажа успешно завершена\"";\n* Продажа изменила свой статус на \""Закрыта\"";\n* Предоставляется возможность перейти в продуктовый профиль клиента.\n\n\n![image.png](/api/rs/testcase/attachment/453671/content)""}
9. [expected] {""action"":""Перейти на вкладку \""Элементы заказа\""."",""expected"":""* На вкладке отображена информация о коммерческом заказе в режиме просмотра:\n   * Отображены продукты заказа;\n   * Отображена дата подключения продукта;\n   * Дата начала действия продукта совпадает с датой самой заявки.""}";;;"https://confluence.nexign.com/pages/viewpage.action?pageId=711544937 
https://confluence.nexign.com/pages/viewpage.action?pageId=759702532
https://confluence.nexign.com/pages/viewpage.action?pageId=778347681
https://confluence.nexign.com/pages/viewpage.action?pageId=791192325";;;;Vladimir.Kobyakov;;;;;E2E_62 Продажа клиенту B2B;E2E_62_29 продажа клиенту B2B (Подключение/Изменение/Отключение продуктов будущей датой);;;;;01. Подключение;;;;E2E_62 Продажа клиенту B2B;;3.2
895017;07. Подключение текущей датой опции до регистрации заявки к существующему продукту клиента;;false;Создание заявки на продажу (ПиУУ) опции для основного продукта с указанием текущей даты подключения через продуктовый профиль клиента.;"* Выполнен вход в систему под одной из бизнес-ролей:
  * **ADMIN** пользователь **ADMIN_TEST**;
  * **SELLER_SR** пользователь **SELLER_SR_TEST**;
  * **SELLER** пользователь **SELLER_TEST**;
  * **SELLER_JR** пользователь **SELLER_JR_TEST**;
* Клиент существует в системе;
* Клиенту подключен основной продукт;
* Основной продукт в статусе ""Активен"";
* Опция доступна на текущую дату.";"* Заявка в статусе ""Закрыто""
* Опция продана текущей датой.";Accepted;"1. [expected] {""action"":""* Перейти в продуктовый профиль клиент;\n* Нажать ![icon.PNG](/api/rs/testcase/attachment/382799/content) в меню действий у абонента\n* Выбрать действие \""Добавить опцию\""\n![image.png](/api/rs/testcase/attachment/348729/content)"",""expected"":""* Открыта форма выбора опций.\n* На форме выбора опций присутствует параметр \""Запланировать выполнение заказа на дату\"". Параметр не заполнен;\n* Есть возможность изменить отметку и дату выполнения заказа.""}
2. [expected] {""expected"":""* Открыто окно \""Создание продажи и управления услугами\"";\n* На форме регистрации заявки присутствует атрибут \""Запланировать выполнение заказа на дату\"";\n* Атрибут \""Запланировать выполнение заказа на дату\"" не заполнен;\n* Есть возможность заполнить атрибут \""Запланировать выполнение заказа на дату\"".\n\n![image.png](/api/rs/testcase/attachment/449158/content)"",""action"":""1. Выбрать опцию;\n2. Нажать на кнопку \""Добавить\"".""}
3. [expected] {""action"":""1. Заполнить поля:\n\n| Поле| Обязательность|\n|--------|--------|\n|    Контактные данные   |    |\n|    Документ Договор/ДС    |    Да    |\n|    Запланировать выполнение заказа на дату    |        |\n|    Документ КП    |    Да    |\n|    Заказ на комплекты РПД    |    Да    |\n|    Описание     |    |\n|    Приоритет    |    Да    |\n\n2. Нажать на кнопку \""Сохранить\""."",""expected"":""* Создана заявка на продажу;\n* Заявка находится на шаге \""Наполнение и уточнение коммерческого заказа\"";\n* Открыта форма наполнения и уточнения КЗ;\n* Добавленный продукт отражен в коммерческом заказе;\n* На форме выбора ПП чекбокс \""Запланировать выполнение заказа на дату\"" НЕ отображается.\n* Отображено уведомление о необходимости проверки конфигурации для перехода на следующий шаг;\n* Кнопка \""Далее\"" не активна.\n\n\n![image.png](/api/rs/testcase/attachment/449160/content)""}
4. [expected] {""action"":""Нажать на кнопку запуска проверки конфигурации КЗ"",""expected"":""* Проверка конфигурации завершена успешно;\n* Кнопка \""Далее\"" активна.""}
5. [expected] {""action"":""Перейти на вкладку \""Элементы заказа\""."",""expected"":""* Параметр \""Запланированная дата выполнения заказа\"" не отображается.""}
6. [expected] {""action"":""Перейти на вкладку \""Карточка продажи\""."",""expected"":""* Параметр \""Дата выполнения заказа\"" отсутствует.""}
7. [expected] {""action"":""Перейти на следующий шаг, нажав на кнопку \""Далее\"". "",""expected"":""* Пройден этап \""Договор/ДС\"";\n* Выполнен переход на шаг \""Контрольная проверка КЗ\"";\n* Запущена контрольная проверка КЗ;\n* Контрольная проверка КЗ пройдена успешно;\n* Заявка перешла на шаг \""Управление продуктами\"";\n* Создан технический заказ.""}
8. [expected] {""action"":""Дождаться завершения продажи."",""expected"":""* Продажа закрыта с причиной \""Продажа успешно завершена\"";\n* Продажа изменила свой статус на \""Закрыта\"";\n* Предоставляется возможность перейти в продуктовый профиль клиента.\n\n\n![image.png](/api/rs/testcase/attachment/453671/content)""}
9. [expected] {""action"":""Перейти на вкладку \""Элементы заказа\""."",""expected"":""* На вкладке отображена информация о коммерческом заказе в режиме просмотра:\n   * Отображены продукты заказа;\n   * Отображена дата подключения продукта;\n   * Дата начала действия продукта совпадает с датой самой заявки.""}";;;"https://confluence.nexign.com/pages/viewpage.action?pageId=711544937 
https://confluence.nexign.com/pages/viewpage.action?pageId=759702532
https://confluence.nexign.com/pages/viewpage.action?pageId=778347681
https://confluence.nexign.com/pages/viewpage.action?pageId=791192325";;;;Vladimir.Kobyakov;;;;;E2E_62 Продажа клиенту B2B;E2E_62_29 продажа клиенту B2B (Подключение/Изменение/Отключение продуктов будущей датой);;;;;01. Подключение;;;;E2E_62 Продажа клиенту B2B;;3.2
895018;08. Выбор ПП до регистрации заявки через Экспресс ПТВ с подключением будущей датой;;false;Создание заявки на продажу (ПиУУ) через кнопку "Экспресс ПТВ" с будущей датой подключения.;"* Выполнен вход в систему под одной из бизнес-ролей:
  * **ADMIN** пользователь **ADMIN_TEST**;
  * **SELLER_SR** пользователь **SELLER_SR_TEST**;
  * **SELLER** пользователь **SELLER_TEST**;
  * **SELLER_JR** пользователь **SELLER_JR_TEST**;
* Клиент существует в системе;
* В системе должен существовать ПП с типом активации **ON_DATE**;
* Продукт или услуга (ПП) доступен на будущую дату.";"* Заявка в статусе ""Обрабатывается""
* Ожидается наступление даты выполнения заказа.";Outdated;"1. [expected] {""action"":""1. Перейти в форму экспресс проверки ПТВ;\n2. Ввести адрес, доступную технологию;\n3. Нажать на кнопку выбора ПП."",""expected"":""* Открыта форма выбора ПП;\n* На форме выбора ПП параметр \""Запланировать выполнение заказа на дату\"" не заполнен;\n* Есть возможность изменить отметку и дату выполнения заказа.""}
2. [expected] {""action"":""Нажать на отметку \""Запланировать выполнение заказа на дату\""."",""expected"":""* Отображено незаполненное поле с выбором даты \""Планируемая дата\"".\n\n\n![image.png](/api/rs/testcase/attachment/449161/content)""}
3. [expected] {""action"":""Нажать на значок календаря в поле \""Планируемая дата\""."",""expected"":""* Открыт календарь;\n* В календаре доступен выбор даты, начиная с начала следующих суток, но не дальше допустимой даты.\n\n![image.png](/api/rs/testcase/attachment/449162/content)""}
4. [expected] {""action"":""1. Выбрать допустимую дату, которая наступит в будущем;\n2. Нажать на кнопку \""Сохранить\""."",""expected"":""* Изменена дата выполнения заказа;\n* Отображены ПП, доступные на указанную дату.""}
5. [expected] {""expected"":""* Открыто окно \""Создание продажи и управления услугами\"";\n* На форме регистрации заявки присутствует атрибут \""Запланировать выполнение заказа на дату\"";\n* Атрибут \""Запланировать выполнение заказа на дату\"" активен;\n* Атрибут \""Запланировать выполнение заказа на дату\"" заполнен датой, которая указана в будущем;\n* Есть возможность изменить дату атрибута \""Запланировать выполнение заказа на дату\""."",""action"":""1. Выбрать ПП;\n2. Нажать на кнопку \""Добавить\"".""}
6. [expected] {""action"":""1. Выбрать клиента;\n2. Заполнить поля:\n\n| Поле| Обязательность|\n|--------|--------|\n|    Контактное лицо   |    |\n|    Договор     |    |\n|    Документ Договор/ДС    |    Да    |\n|    Запланировать выполнение заказа на дату    |        |\n| Планируемая дата | Да |\n|    Документ КП    |    Да    |\n|    Заказ на комплекты РПД    |    Да    |\n|    Описание     |    |\n|    Приоритет    |    Да    |\n\n3. Нажать на кнопку \""Сохранить\"".\n"",""expected"":""* Создана заявка на продажу;\n* Заявка находится на шаге \""Наполнение и уточнение коммерческого заказа\"";\n* Открыта форма наполнения и уточнения КЗ;\n* Добавленный продукт отражен в коммерческом заказе;\n* Присутствует атрибут \""Дата выполнения заказа\"";\n* Атрибут \""Дата выполнения заказа\"" содержит будущую дату.\n* Изменение даты выполнения заказа доступно;\n* Отображено уведомление о необходимости проверки конфигурации для перехода на следующий шаг;\n* Кнопка \""Далее\"" не активна.\n![image.png](/api/rs/testcase/attachment/449160/content)""}
7. [expected] {""action"":""Нажать на кнопку запуска проверки конфигурации КЗ"",""expected"":""* Проверка конфигурации завершена успешно;\n* Кнопка \""Далее\"" активна.""}
8. [expected] {""action"":""Перейти на вкладку \""Элементы заказа\""."",""expected"":""* Отображено значение параметра \""Планируемая дата\"" после текста \""Запланированная дата выполнения заказа\"";\n* Параметр \""Планируемая дата\"" содержит будущую дату;\n* Недоступно изменение значения параметра \""Планируемая дата\"".""}
9. [expected] {""action"":""Перейти на вкладку \""Карточка продажи\"".\n"",""expected"":""* Отображен параметр \""Дата выполнения заказа\"";\n* Атрибут \""Дата выполнения заказа\"" содержит будущую дату;\n* Доступна кнопка изменения даты выполнения заказа.""}
10. [expected] {""action"":""Перейти на следующий шаг, нажав на кнопку \""Далее\"". \n"",""expected"":""* Пройден этап \""Договор/ДС\"";\n* Осуществлен переход на шаг \""Ожидание даты выполнения заказа\"", где автоматически запущена проверка корректности КЗ;\n* Доступен переход на шаг \""Наполнение и уточнение коммерческого заказа\"";\n* Установлен таймер, который сработает при наступлении момента времени выполнения заказа;\n* На шаге либо отображаются конфликты после проверки, либо знак с зеленой галочкой, означающий, что проверка прошла успешно (конфликтов нет).\n\n\n![image.png](/api/rs/testcase/attachment/449169/content)""}";;;"https://confluence.nexign.com/pages/viewpage.action?pageId=711544937 
https://confluence.nexign.com/pages/viewpage.action?pageId=759702532
https://confluence.nexign.com/pages/viewpage.action?pageId=778347681
https://confluence.nexign.com/pages/viewpage.action?pageId=791192325";;;;Vladimir.Kobyakov;;;;;E2E_62 Продажа клиенту B2B;E2E_62_29 продажа клиенту B2B (Подключение/Изменение/Отключение продуктов будущей датой);;;;;01. Подключение;;;;E2E_62 Продажа клиенту B2B;;3.2
895019;09. Выбор ПП до регистрации заявки через кнопку быстрой продажи товаров/оборудования с подключением будущей датой;;false;Создание заявки на продажу (ПиУУ) через кнопку быстрой продажи товаров/оборудования с будущей датой подключения.;"* Выполнен вход в систему под одной из бизнес-ролей:
  * **ADMIN** пользователь **ADMIN_TEST**;
  * **SELLER_SR** пользователь **SELLER_SR_TEST**;
  * **SELLER** пользователь **SELLER_TEST**;
  * **SELLER_JR** пользователь **SELLER_JR_TEST**;
* Клиент существует в системе;
* В системе должен существовать ПП с типом активации **ON_DATE**;
* Продукт или услуга (ПП) доступен на будущую дату.";"* Заявка в статусе ""Обрабатывается""
* Ожидается наступление даты выполнения заказа.";Accepted;"1. [expected] {""action"":""1. Проверить правую панель интерфейса;\n2. Нажать на кнопку продажи товаров/оборудования.\n\n\n\n![image.png](/api/rs/testcase/attachment/449170/content)"",""expected"":""1. Открыта форма выбора ПП;\n2. На форме выбора ПП параметр \""Дата выполнения заказа\"" содержит текущую дату;\n3. Есть возможность изменить отметку и дату выполнения заказа.\n![image.png](/api/rs/testcase/attachment/469250/content)""}
2. [expected] {""action"":""Нажать на поле с выбором даты выполнения заказа.\n\n"",""expected"":""1. Открыт календарь;\n2. В календаре доступен выбор даты, начиная с начала следующих суток, но не дальше допустимой даты.\n\n\n\n![image.png](/api/rs/testcase/attachment/469253/content)""}
3. [expected] {""action"":""1. Выбрать допустимую дату, которая наступит в будущем;\n2. Нажать на кнопку \""Сохранить\""."",""expected"":""* Изменена дата выполнения заказа;\n* Атрибут \""Запланировать выполнение заказа на дату\"" заполнен датой, которая указана в будущем.""}
4. [expected] {""action"":""1. Выбрать ПП;\n2. Нажать на кнопку \""Добавить\""."",""expected"":""1. Открыто окно \""Создание продажи и управления услугами\"";\n2. На форме регистрации заявки присутствует атрибут \""Запланировать выполнение заказа на дату\"";\n3. Атрибут \""Запланировать выполнение заказа на дату\"" активен;\n4. Атрибут \""Запланировать выполнение заказа на дату\"" заполнен датой, которая указана в будущем;\n5. Есть возможность изменить дату атрибута \""Запланировать выполнение заказа на дату\"".""}
5. [expected] {""action"":""1. Выбрать клиента;\n2. Заполнить поля:\n\n| Поле| Обязательность|\n|--------|--------|\n|    Контактное лицо   |    |\n|    Договор     |    |\n|    Документ Договор/ДС    |    Да    |\n|    Запланировать выполнение заказа на дату    |  Да      |\n| Планируемая дата | Да |\n|    Документ КП    |    Да    |\n|    Заказ на комплекты РПД    |    Да    |\n|    Описание     |    |\n|    Приоритет    |    Да    |\n\n3. Нажать на кнопку \""Сохранить\"".\n"",""expected"":""* Создана заявка на продажу;\n* Заявка находится на шаге \""Наполнение и уточнение коммерческого заказа\"";\n* Открыта форма наполнения и уточнения КЗ;\n* Добавленный продукт отражен в коммерческом заказе;\n* Присутствует атрибут \""Дата выполнения заказа\"";\n* Атрибут \""Дата выполнения заказа\"" содержит будущую дату.\n* Изменение даты выполнения заказа доступно;\n* Отображено уведомление о необходимости проверки конфигурации для перехода на следующий шаг;\n* Кнопка \""Далее\"" не активна.\n![image.png](/api/rs/testcase/attachment/449160/content)""}
6. [expected] {""action"":""Нажать на кнопку запуска проверки конфигурации КЗ"",""expected"":""* Проверка конфигурации завершена успешно;\n* Кнопка \""Далее\"" активна.""}
7. [expected] {""action"":""Перейти на вкладку \""Элементы заказа\""."",""expected"":""* Отображен параметр \""Дата выполнения заказа\"";\n* Параметр \""Дата выполнения заказа\"" содержит будущую дату;\n* Доступно изменение значения параметра \""Дата выполнения заказа\"".""}
8. [expected] {""action"":""Перейти на вкладку \""Карточка заявки\"".\n"",""expected"":""* Отображен параметр \""Дата выполнения заказа\"";\n* Атрибут \""Дата выполнения заказа\"" содержит будущую дату;\n* Недоступно изменение даты выполнения заказа.""}
9. [expected] {""action"":""Перейти на следующий шаг, нажав на кнопку \""Далее\"". \n"",""expected"":""* Пройден этап \""Договор/ДС\"";\n* Осуществлен переход на шаг \""Ожидание даты выполнения заказа\"", где автоматически запущена проверка корректности КЗ;\n* Доступен переход на шаг \""Наполнение и уточнение коммерческого заказа\"";\n* Установлен таймер, который сработает при наступлении момента времени выполнения заказа;\n* На шаге либо отображаются конфликты после проверки, либо знак с зеленой галочкой, означающий, что проверка прошла успешно (конфликтов нет).\n\n\n![image.png](/api/rs/testcase/attachment/449169/content)""}";;;"https://confluence.nexign.com/pages/viewpage.action?pageId=711544937 
https://confluence.nexign.com/pages/viewpage.action?pageId=759702532
https://confluence.nexign.com/pages/viewpage.action?pageId=778347681
https://confluence.nexign.com/pages/viewpage.action?pageId=791192325";;;;Vladimir.Kobyakov;;;;;E2E_62 Продажа клиенту B2B;E2E_62_29 продажа клиенту B2B (Подключение/Изменение/Отключение продуктов будущей датой);;;;;01. Подключение;;;;E2E_62 Продажа клиенту B2B;;3.2
895020;10. Выбор ПП до регистрации заявки через смену ПП с подключением будущей датой;;false;Создание заявки на продажу (ПиУУ) с будущей датой подключения через смену ПП в продуктовом профиле клиента.;"* Выполнен вход в систему под одной из бизнес-ролей:
  * **ADMIN** пользователь **ADMIN_TEST**;
  * **SELLER_SR** пользователь **SELLER_SR_TEST**;
  * **SELLER** пользователь **SELLER_TEST**;
  * **SELLER_JR** пользователь **SELLER_JR_TEST**;
* Клиент существует в системе;
* Клиенту подключен ПП;
* ПП в статусе ""Активен"";
* В системе должен существовать ПП с типом активации **ON_DATE**;
* Новый продукт или услуга (ПП) доступен на будущую дату.";"* Заявка в статусе ""Обрабатывается""
* Ожидается наступление даты выполнения заказа.";Accepted;"1. [expected] {""action"":""* Перейти в продуктовый профиль клиент;\n* Нажать ![icon.PNG](/api/rs/testcase/attachment/382799/content) в меню действий у абонента\n* Выбрать действие \""Сменить основной продукт\""\n![image.png](/api/rs/testcase/attachment/348729/content)"",""expected"":""* Открыта форма выбора ПП;\n* На форме выбора ПП параметр \""Запланировать выполнение заказа на дату\"" не заполнен;\n* Есть возможность изменить отметку и дату выполнения заказа.""}
2. [expected] {""action"":""Нажать на отметку \""Запланировать выполнение заказа на дату\""."",""expected"":""* Отображено незаполненное поле с выбором даты.\n\n\n![image.png](/api/rs/testcase/attachment/449161/content)""}
3. [expected] {""action"":""Нажать на поле с выбором даты выполнения заказа."",""expected"":""* Открыт календарь;\n* В календаре доступен выбор даты, начиная с начала следующих суток, но не дальше допустимой даты.\n\n![image.png](/api/rs/testcase/attachment/449162/content)""}
4. [expected] {""action"":""1. Выбрать допустимую дату, которая наступит в будущем;\n2. Нажать на кнопку \""Сохранить\""."",""expected"":""* Изменена дата выполнения заказа;\n* Отображены ПП, доступные на указанную дату.""}
5. [expected] {""action"":""1. Выбрать ПП;\n2. Нажать на кнопку \""Добавить\""."",""expected"":""* Открыто окно \""Создание продажи и управления услугами\"";\n* На форме регистрации заявки присутствует атрибут \""Запланировать выполнение заказа на дату\"";\n* Атрибут \""Запланировать выполнение заказа на дату\"" активен;\n* Атрибут \""Запланировать выполнение заказа на дату\"" заполнен датой, которая указана в будущем;\n* Есть возможность изменить дату атрибута \""Запланировать выполнение заказа на дату\"".""}
6. [expected] {""action"":""1. Заполнить поля:\n\n| Поле| Обязательность|\n|--------|--------|\n|    Контактные данные   |    |\n|    Документ Договор/ДС    |    Да    |\n|    Запланировать выполнение заказа на дату    |        |\n| Планируемая дата | Да |\n|    Документ КП    |    Да    |\n|    Описание     |    |\n|    Приоритет    |    Да    |\n\n2. Нажать на кнопку \""Сохранить\""."",""expected"":""* Создана заявка на продажу;\n* Заявка находится на шаге \""Наполнение и уточнение коммерческого заказа\"";\n* Открыта форма наполнения и уточнения КЗ;\n* Добавленный продукт отражен в коммерческом заказе;\n* Присутствует атрибут \""Дата выполнения заказа\"";\n* Атрибут \""Дата выполнения заказа\"" содержит будущую дату.\n* Изменение даты выполнения заказа доступно;\n* Отображено уведомление о необходимости проверки конфигурации для перехода на следующий шаг;\n* Кнопка \""Далее\"" не активна.\n![image.png](/api/rs/testcase/attachment/449160/content)""}
7. [expected] {""action"":""Нажать на кнопку запуска проверки конфигурации КЗ"",""expected"":""* Проверка конфигурации завершена успешно;\n* Кнопка \""Далее\"" активна.""}
8. [expected] {""action"":""Перейти на вкладку \""Элементы заказа\""."",""expected"":""* Отображено значение параметра \""Планируемая дата\"" после текста \""Запланированная дата выполнения заказа\"";\n* Параметр \""Планируемая дата\"" содержит будущую дату;\n* Доступно изменение значения параметра \""Планируемая дата\"".""}
9. [expected] {""action"":""Перейти на вкладку \""Карточка продажи\"".\n"",""expected"":""* Отображен параметр \""Дата выполнения заказа\"";\n* Атрибут \""Дата выполнения заказа\"" содержит будущую дату;\n* недоступно изменение даты выполнения заказа.""}
10. [expected] {""action"":""Перейти на следующий шаг, нажав на кнопку \""Далее\"". \n"",""expected"":""* Пройден этап \""Договор/ДС\"";\n* Осуществлен переход на шаг \""Ожидание даты выполнения заказа\"", где автоматически запущена проверка корректности КЗ;\n* Доступен переход на шаг \""Наполнение и уточнение коммерческого заказа\"";\n* Установлен таймер, который сработает при наступлении момента времени выполнения заказа;\n* На шаге либо отображаются конфликты после проверки, либо знак с зеленой галочкой, означающий, что проверка прошла успешно (конфликтов нет).\n\n\n![image.png](/api/rs/testcase/attachment/449169/content)""}";;;"https://confluence.nexign.com/pages/viewpage.action?pageId=711544937 
https://confluence.nexign.com/pages/viewpage.action?pageId=759702532
https://confluence.nexign.com/pages/viewpage.action?pageId=778347681
https://confluence.nexign.com/pages/viewpage.action?pageId=791192325";;;;Vladimir.Kobyakov;;;;;E2E_62 Продажа клиенту B2B;E2E_62_29 продажа клиенту B2B (Подключение/Изменение/Отключение продуктов будущей датой);;;;;01. Подключение;;;;E2E_62 Продажа клиенту B2B;;3.2
895021;11. Подключение будущей датой опции до регистрации заявки к существующему продукту клиента;;false;Создание заявки на продажу (ПиУУ) опции для основного продукта с указанием будущей даты подключения через продуктовый профиль клиента.;"* Выполнен вход в систему под одной из бизнес-ролей:
  * **ADMIN** пользователь **ADMIN_TEST**;
  * **SELLER_SR** пользователь **SELLER_SR_TEST**;
  * **SELLER** пользователь **SELLER_TEST**;
  * **SELLER_JR** пользователь **SELLER_JR_TEST**;
* Клиент существует в системе;
* Клиенту подключен основной продукт;
* Основной продукт в статусе ""Активен"";
* В системе должен существовать ПП с типом активации **ON_DATE**;
* Опция доступна на будущую дату.";"* Заявка в статусе ""Обрабатывается""
* Ожидается наступление даты выполнения заказа.";Accepted;"1. [expected] {""action"":""* Перейти в продуктовый профиль клиент;\n* Нажать ![icon.PNG](/api/rs/testcase/attachment/382799/content) в меню действий у абонента\n* Выбрать действие \""Добавить опцию\""\n![image.png](/api/rs/testcase/attachment/348729/content)"",""expected"":""* Открыта форма выбора опций.\n* На форме выбора опций присутствует параметр \""Запланировать выполнение заказа на дату\"";\n* Есть возможность изменить отметку и дату выполнения заказа.""}
2. [expected] {""action"":""Нажать на отметку \""Запланировать выполнение заказа на дату\""."",""expected"":""* Отображено незаполненное поле с выбором даты.\n\n\n![image.png](/api/rs/testcase/attachment/449161/content)""}
3. [expected] {""action"":""Нажать на поле с выбором даты выполнения заказа."",""expected"":""* Открыт календарь;\n* В календаре доступен выбор даты, начиная с начала следующих суток, но не дальше допустимой даты.\n\n![image.png](/api/rs/testcase/attachment/449162/content)""}
4. [expected] {""action"":""1. Выбрать допустимую дату, которая наступит в будущем;\n2. Нажать на кнопку \""Сохранить\""."",""expected"":""* Изменена дата выполнения заказа;\n* Отображены опции, доступные на указанную дату.""}
5. [expected] {""action"":""1. Выбрать опцию;\n2. Нажать на кнопку \""Добавить\""."",""expected"":""* Открыто окно \""Создание продажи и управления услугами\"";\n* На форме регистрации заявки присутствует атрибут \""Запланировать выполнение заказа на дату\"";\n* Атрибут \""Запланировать выполнение заказа на дату\"" активен;\n* Атрибут \""Запланировать выполнение заказа на дату\"" заполнен датой, которая указана в будущем;\n* Есть возможность изменить дату атрибута \""Запланировать выполнение заказа на дату\"".\n\n![image.png](/api/rs/testcase/attachment/452610/content)""}
6. [expected] {""action"":""1. Заполнить поля:\n\n| Поле| Обязательность|\n|--------|--------|\n|    Контактные данные   |    |\n|    Документ Договор/ДС    |    Да    |\n|    Запланировать выполнение заказа на дату    |        |\n| Планируемая дата | Да |\n|    Документ КП    |    Да    |\n|    Заказ на комплекты РПД    |    Да    |\n|    Описание     |    |\n|    Приоритет    |    Да    |\n\n2. Нажать на кнопку \""Сохранить\""."",""expected"":""* Создана заявка на продажу;\n* Заявка находится на шаге \""Наполнение и уточнение коммерческого заказа\"";\n* Открыта форма наполнения и уточнения КЗ;\n* Добавленная опция отражена в коммерческом заказе;\n* Присутствует атрибут \""Дата выполнения заказа\"";\n* Атрибут \""Дата выполнения заказа\"" содержит будущую дату.\n* Изменение даты выполнения заказа доступно;\n* Отображено уведомление о необходимости проверки конфигурации для перехода на следующий шаг;\n* Кнопка \""Далее\"" не активна.""}
7. [expected] {""action"":""Нажать на кнопку запуска проверки конфигурации КЗ"",""expected"":""* Проверка конфигурации завершена успешно;\n* Кнопка \""Далее\"" активна.""}
8. [expected] {""action"":""Перейти на вкладку \""Элементы заказа\""."",""expected"":""* Отображено значение параметра \""Планируемая дата\"" после текста \""Запланированная дата выполнения заказа\"";\n* Параметр \""Дата выполнения заказа\"" содержит будущую дату;\n* Доступно изменение значения параметра \""Дата выполнения заказа\"".""}
9. [expected] {""action"":""Перейти на вкладку \""Карточка продажи\"".\n"",""expected"":""* Отображен параметр \""Дата выполнения заказа\"";\n* Атрибут \""Дата выполнения заказа\"" содержит будущую дату;\n* Недоступно изменение даты выполнения заказа.""}
10. [expected] {""action"":""Перейти на следующий шаг, нажав на кнопку \""Далее\"". \n"",""expected"":""* Пройден этап \""Договор/ДС\"";\n* Осуществлен переход на шаг \""Ожидание даты выполнения заказа\"", где автоматически запущена проверка корректности КЗ;\n* Доступен переход на шаг \""Наполнение и уточнение коммерческого заказа\"";\n* Установлен таймер, который сработает при наступлении момента времени выполнения заказа;\n* На шаге либо отображаются конфликты после проверки, либо знак с зеленой галочкой, означающий, что проверка прошла успешно (конфликтов нет).\n\n\n![image.png](/api/rs/testcase/attachment/449169/content)""}";;;"https://confluence.nexign.com/pages/viewpage.action?pageId=711544937 
https://confluence.nexign.com/pages/viewpage.action?pageId=759702532
https://confluence.nexign.com/pages/viewpage.action?pageId=778347681
https://confluence.nexign.com/pages/viewpage.action?pageId=791192325";;;;Vladimir.Kobyakov;;;;;E2E_62 Продажа клиенту B2B;E2E_62_29 продажа клиенту B2B (Подключение/Изменение/Отключение продуктов будущей датой);;;;;01. Подключение;;;;E2E_62 Продажа клиенту B2B;;3.2
907675;18. Изменение  будущей даты на сегодняшнюю на шаге "Ожидание даты выполнения заказа";;false;Изменение  будущей даты на сегодняшнюю на шаге "Ожидание даты выполнения заказа" в заявке, находящейся на шаге "Ожидание даты выполнения заказа".;"* Выполнен вход в систему под одной из бизнес-ролей:
  * **ADMIN** пользователь **ADMIN_TEST**;
  * **SELLER_SR** пользователь **SELLER_SR_TEST**;
  * **SELLER** пользователь **SELLER_TEST**;
  * **SELLER_JR** пользователь **SELLER_JR_TEST**;
* Клиент существует в системе;
* В системе должен существовать ПП с типом активации **ON_DATE**;
* Создана заявка на продажу и управление услугами (ПиУУ);
* В заявку добавлен продукт или услуга (ПП);
* Заявка находится на шаге ""Ожидание даты выполнения заказа"";
* Оператор находится в контексте заявки клиента на вкладке ""Активный шаг"".";"* Заявка в статусе ""Закрыто"";
* Продукт продан текущей датой.";Accepted;"1. [expected] {""action"":""Выполнить любой из сценариев:\n* [02. Создание заявки на подключение продукта будущей датой](https://allure.nexign.com/project/313/test-cases/883523?treeId=825&from=Wzc5NTA5LDExMDA5Nl0%3D)\n* [07. Выбор ПП до регистрации заявки через Экспресс ПТВ с подключением будущей датой](https://allure.nexign.com/project/313/test-cases/895018?treeId=825&from=Wzc5NTA5LDExMDA5Nl0%3D)\n* [08. Выбор ПП до регистрации заявки через кнопку быстрой продажи товаров/оборудования с подключением будущей датой](https://allure.nexign.com/project/313/test-cases/895019?treeId=825&from=Wzc5NTA5LDExMDA5Nl0%3D)\n* [09. Выбор ПП до регистрации заявки через смену ПП с подключением будущей датой](https://allure.nexign.com/project/313/test-cases/895020?treeId=825&from=Wzc5NTA5LDExMDA5Nl0%3D)\n* [10. Подключение будущей датой опции до регистрации заявки к существующему продукту клиента](https://allure.nexign.com/project/313/test-cases/895021?treeId=825&from=Wzc5NTA5LDExMDA5Nl0%3D)\n* [12. Отключение продукта клиента будущей датой](https://allure.nexign.com/project/313/test-cases/890684?treeId=825&from=Wzc5NTA5LDExMDA5Nl0%3D)"",""expected"":""* Пройден этап Договор/ДС;\n* Осуществлен переход на шаг \""Ожидание даты выполнения заказа\"", где автоматически запущена проверка корректности КЗ;\n* Доступен переход на шаг \""Наполнение и уточнение коммерческого заказа\"";\n* Установлен таймер, который сработает при наступлении момента времени выполнения заказа;\n* На шаге либо отображаются конфликты после проверки, либо знак с зеленой галочкой, означающий, что проверка прошла успешно (конфликтов нет).\n\n![image.png](/api/rs/testcase/attachment/449169/content)""}
2. [expected] {""action"":""Нажать на карандашик у даты выполнения заказа ![image.png](/api/rs/testcase/attachment/457744/content)\n\n![image.png](/api/rs/testcase/attachment/457732/content)"",""expected"":""Открыт сайдбар для редактирования даты.\n""}
3. [expected] {""action"":""* Нажать на поле \""Планируемая дата\"";\n* Выбрать кнопку в календаре \""Текущее время\""; \n* Нажать кнопку \""Сохранить\"".\n\n![image.png](/api/rs/testcase/attachment/457753/content)"",""expected"":""* Автоматически выполняется проверка корректности КЗ и осуществляется переход на следующий шаг (если нет конфликтов);\n* Контрольная проверка КЗ пройдена успешно;\n* Заявка перешла на шаг \""Управление продуктами\"";\n* Создан технический заказ.\n\n![image.png](/api/rs/testcase/attachment/456959/content)""}
4. [expected] {""action"":""Дождаться завершения продажи."",""expected"":""* Продажа закрыта с причиной \""Продажа успешно завершена\"";\n* Продажа изменила свой статус на \""Закрыта\"";\n* Предоставляется возможность перейти в продуктовый профиль клиента.\n\n\n![image.png](/api/rs/testcase/attachment/453671/content)""}
5. [expected] {""action"":""Перейти на вкладку \""Элементы заказа\""."",""expected"":""* На вкладке отображена информация о коммерческом заказе в режиме просмотра:\n   * Отображены продукты заказа;\n   * Отображена дата подключения продукта;\n   * Дата начала действия продукта совпадает с сегодняшней датой.""}";;3.1;"https://confluence.nexign.com/pages/viewpage.action?pageId=711544937 
https://confluence.nexign.com/pages/viewpage.action?pageId=759702532
https://confluence.nexign.com/pages/viewpage.action?pageId=778347681
https://confluence.nexign.com/pages/viewpage.action?pageId=791192325";;;;Vladislav.Khrabrykh;;;;;E2E_62 Продажа клиенту B2B;E2E_62_29 продажа клиенту B2B (Подключение/Изменение/Отключение продуктов будущей датой);;;;;03. Редактирование;;;;E2E_62 Продажа клиенту B2B;;3.1,3.2
907676;03. Создание заявки на подключение неактивного продукта будущей датой;;false;Создание новой заявки на продажу (ПиУУ) для продукта, который сейчас недоступен для продажи, но будет доступен с будущей даты подключения.;"* Выполнен вход в систему под одной из бизнес-ролей:
  * **ADMIN** пользователь **ADMIN_TEST**;
  * **SELLER_SR** пользователь **SELLER_SR_TEST**;
  * **SELLER** пользователь **SELLER_TEST**;
  * **SELLER_JR** пользователь **SELLER_JR_TEST**;
* Клиент существует в системе;
* В системе должен существовать ПП с типом активации **ON_DATE**;
* Продукт или услуга A не доступен на текущую дату.
* Продукт или услуга A доступен на будущую дату.";"* Заявка в статусе ""Обрабатывается""
* Ожидается наступление даты выполнения заказа.";Accepted;"1. [expected] {""action"":""Нажать на кнопку ![image.png](/api/rs/testcase/attachment/312840/content) \""Создание продажи и управления услугами\""."",""expected"":""* Открыто окно \""Создание продажи и управления услугами\"";\n* На форме регистрации заявки есть чекбокс \""Запланировать выполнение заказа на дату\"";\n![image.png](/api/rs/testcase/attachment/456955/content)\n* Чекбокс \""Запланировать выполнение заказа на дату\"" не заполнен\n![image.png](/api/rs/testcase/attachment/456953/content)""}
2. [expected] {""action"":""Активировать чекбокс \""Запланировать выполнение заказа на дату\"""",""expected"":""* Отображен параметр \""Планируемая дата\"";\n* Параметр \""Планируемая дата\"" не заполнен;\n* Параметр \""Планируемая дата\"" обязателен для заполнения.""}
3. [expected] {""action"":""1. Выбрать клиента;\n2. Заполнить поля:\n\n| Поле| Обязательность|\n|--------|--------|\n|    Контактное лицо   |    |\n|    Договор     |    |\n|    Документ Договор/ДС    |    Да    |\n|    Запланировать выполнение заказа на дату    |          Да  |\n|    Планируемая дата    |     Да   |\n|    Документ КП    |    Да    |\n|    Заказ на комплекты РПД    |    Да    |\n|    Описание     |    |\n|    Приоритет    |    Да    |\n\n3. Нажать на кнопку \""Сохранить\""."",""expected"":""* Создана заявка на продажу;\n* Открыта форма наполнения и уточнения КЗ;\n* Атрибут \""Дата выполнения заказа\"" отображается на шаге.\n\n\n![image.png](/api/rs/testcase/attachment/453669/content)""}
4. [expected] {""action"":""Открыть форму добавления ПП в заказ через кнопку \""Добавить\""."",""expected"":""* Открыта форма выбора ПП;\n* На указанную дату отсутствует ПП \""А\"";\n* На форме выбора ПП параметр \""Дата выполнения заказа\"" содержит будущую дату;\n* Есть возможность изменить отметку и дату выполнения заказа.\n\n\n![image.png](/api/rs/testcase/attachment/453672/content)""}
5. [expected] {""action"":""Нажать на поле \""Планируемая дата\""."",""expected"":""* Отображено поле с выбором даты.\n\n![image.png](/api/rs/testcase/attachment/449161/content)""}
6. [expected] {""action"":""Нажать на значок календаря с выбором даты выполнения заказа ![image.png](/api/rs/testcase/attachment/457206/content)."",""expected"":""* В календаре доступен выбор даты, начиная с начала следующих суток, но не дальше допустимой даты.\n\n![image.png](/api/rs/testcase/attachment/449162/content)""}
7. [expected] {""action"":""1. Выбрать допустимую дату, которая наступит в будущем;\n2. Нажать на кнопку \""Сохранить\""."",""expected"":""* Изменена дата выполнения заказа;\n* Отображен ПП \""А\"" на указанную в будущем дату.\n\n_Если в накопителе есть записи, выбранные на другую дату, то при изменении даты, отображено сообщение, что ранее выбранные продукты будут удалены._""}
8. [expected] {""expected"":""* Осуществлен возврат на форму состава заказа;\n* Добавленный продукт \""А\"" отражен в коммерческом заказе;\n* Отображена планируемая в будущем дата выполнения заказа;\n* Изменение даты выполнения заказа доступно;\n* Отображено уведомление о необходимости проверки конфигурации для перехода на следующий шаг;\n* Кнопка \""Далее\"" не активна.\n\n![image.png](/api/rs/testcase/attachment/449165/content)"",""action"":""1. Выбрать ПП \""А\"";\n2. Нажать на кнопку \""Добавить\"".""}
9. [expected] {""action"":""Нажать на кнопку запуска проверки конфигурации КЗ"",""expected"":""* Проверка конфигурации завершена успешно;\n* Кнопка \""Далее\"" активна.""}
10. [expected] {""action"":""Перейти на вкладку \""Элементы заказа\""."",""expected"":""* Отображено значение параметра \""Планируемая дата\"" после текста \""Запланированная дата выполнения заказа\"";\n* Параметр \""Планируемая дата\"" содержит будущую дату;\n* Доступно изменение значения параметра \""Планируемая дата\"".""}
11. [expected] {""action"":""Перейти на вкладку \""Карточка продажи\""."",""expected"":""* Отображен параметр \""Дата выполнения заказа\"";\n* Атрибут \""Дата выполнения заказа\"" содержит будущую дату;\n* недоступно изменение даты выполнения заказа.""}
12. [expected] {""action"":""Перейти на следующий шаг, нажав на кнопку \""Далее\"". \n"",""expected"":""* Пройден этап \""Договор/ДС\"";\n* Осуществлен переход на шаг \""Ожидание даты выполнения заказа\"", где автоматически запущена проверка корректности КЗ;\n* Доступен переход на шаг \""Наполнение и уточнение коммерческого заказа\"";\n* Установлен таймер, который сработает при наступлении момента времени выполнения заказа;\n* На шаге либо отображаются конфликты после проверки, либо знак с зеленой галочкой, означающий, что проверка прошла успешно (конфликтов нет).\n\n\n![image.png](/api/rs/testcase/attachment/449169/content)""}";;3.1;"https://confluence.nexign.com/pages/viewpage.action?pageId=711544937 
https://confluence.nexign.com/pages/viewpage.action?pageId=759702532
https://confluence.nexign.com/pages/viewpage.action?pageId=778347681
https://confluence.nexign.com/pages/viewpage.action?pageId=791192325";;;;Vladimir.Kobyakov;;;;;E2E_62 Продажа клиенту B2B;E2E_62_29 продажа клиенту B2B (Подключение/Изменение/Отключение продуктов будущей датой);;;;;01. Подключение;;;;E2E_62 Продажа клиенту B2B;;3.1,3.2
913350;14. Редактирование будущей даты через вкладку "Активный шаг" на шаге "Управление составом заказа";;false;"Редактирование будущей даты по кнопке ""Редактировать дату"" на шаге ""Управление составом заказа"" (вкладка ""Активный шаг"")";"* Выполнен вход в систему под одной из бизнес-ролей:
  * **ADMIN** пользователь **ADMIN_TEST**;
  * **SELLER_SR** пользователь **SELLER_SR_TEST**;
  * **SELLER** пользователь **SELLER_TEST**;
  * **SELLER_JR** пользователь **SELLER_JR_TEST**;
* Клиент существует в системе;
* В системе должен существовать ПП с типом активации **ON_DATE**;
* Создана заявка на продажу и управление услугами (ПиУУ) введена будущая дата на сайдбаре регистрации;
* В заявку добавлен продукт или услуга (ПП);
* Заявка находится на шаге ""Управление составом заказа"";
* Оператор находится в контексте заявки клиента во вкладке ""Активный шаг"";
* При создании заявки дата выполнения заказа была указана как дата X.";;Accepted;"1. [expected] {""action"":""1. Выбрать клиента;\n2. Заполнить поля:\n\n| Поле| Обязательность|\n|--------|--------|\n|    Контактное лицо   |    |\n|    Договор     |    |\n|    Документ Договор/ДС    |    Да    |\n|    Запланировать выполнение заказа на дату    |          Да  |\n|    Планируемая дата    |     Да   |\n|    Документ КП    |    Да    |\n|    Заказ на комплекты РПД    |    Да    |\n|    Описание     |    |\n|    Приоритет    |    Да    |\n\n3. Нажать на кнопку \""Сохранить\""."",""expected"":""* Создана заявка на продажу;\n* Открыта форма наполнения и уточнения КЗ;\n* Атрибут \""Дата выполнения заказа\"" отображается на шаге;\n* Датой выполнения заказа выбрана дата X.""}
2. [expected] {""action"":""Открыть форму добавления ПП в заказ через кнопку \""Добавить\""."",""expected"":""* Открыта форма выбора ПП;\n* На форме выбора ПП параметр \""Дата выполнения заказа\"" содержит дату Х;\n* Есть возможность изменить отметку и дату выполнения заказа.\n\n\n![image.png](/api/rs/testcase/attachment/453672/content)""}
3. [expected] {""action"":""1. Выбрать ПП;\n2. Нажать на кнопку \""Добавить\""."",""expected"":""* Осуществлен возврат на форму состава заказа;\n* Добавленный продукт отражен в коммерческом заказе;\n* Отображена планируемая в дата выполнения заказа;\n* Изменение даты выполнения заказа доступно;\n* \""Дата выполнения заказа\"" содержит дату Х;\n* Отображено уведомление о необходимости проверки конфигурации для перехода на следующий шаг;\n* Кнопка \""Далее\"" не активна.\n\n![image.png](/api/rs/testcase/attachment/449165/content)""}
4. [expected] {""action"":""Нажать на кнопку \""Редактировать дату\""."",""expected"":""Открыт сайдбар для редактирования даты.""}
5. [expected] {""action"":""Выбрать дату Y, которая находится в будущем."",""expected"":""* Отображено уведомление \""После изменения даты будет выполнена повторная проверка конфигурации заказа и доступность выбранных продуктов может измениться\"".\n""}
6. [expected] {""action"":""Нажать на кнопку \""Сохранить\""."",""expected"":""* Проверка конфигурации завершена успешно;\n* Изменена дата выполнения заказа на Y.""}";;;"https://confluence.nexign.com/pages/viewpage.action?pageId=711544937 
https://confluence.nexign.com/pages/viewpage.action?pageId=759702532
https://confluence.nexign.com/pages/viewpage.action?pageId=778347681
https://confluence.nexign.com/pages/viewpage.action?pageId=791192325";;;;Vladimir.Kobyakov;;;;;;E2E_62_29 продажа клиенту B2B (Подключение/Изменение/Отключение продуктов будущей датой);;;;;03. Редактирование;;;;E2E_62 Продажа клиенту B2B;;
